-- phpMyAdmin SQL Dump
-- version 5.2.0
-- https://www.phpmyadmin.net/
--
-- Host: localhost:3306
-- Generation Time: Jul 01, 2025 at 09:11 PM
-- Server version: 8.0.30
-- PHP Version: 8.3.12

SET SQL_MODE = "NO_AUTO_VALUE_ON_ZERO";
START TRANSACTION;
SET time_zone = "+00:00";


/*!40101 SET @OLD_CHARACTER_SET_CLIENT=@@CHARACTER_SET_CLIENT */;
/*!40101 SET @OLD_CHARACTER_SET_RESULTS=@@CHARACTER_SET_RESULTS */;
/*!40101 SET @OLD_COLLATION_CONNECTION=@@COLLATION_CONNECTION */;
/*!40101 SET NAMES utf8mb4 */;

--
-- Database: `parks_db`
--

-- --------------------------------------------------------

--
-- Table structure for table `admin_users`
--

CREATE TABLE `admin_users` (
  `id` int NOT NULL,
  `username` varchar(50) NOT NULL,
  `password_hash` varchar(255) NOT NULL,
  `email` varchar(100) DEFAULT NULL,
  `is_active` tinyint(1) DEFAULT '1',
  `created_at` timestamp NULL DEFAULT CURRENT_TIMESTAMP,
  `updated_at` timestamp NULL DEFAULT CURRENT_TIMESTAMP ON UPDATE CURRENT_TIMESTAMP
) ENGINE=InnoDB DEFAULT CHARSET=utf8mb4 COLLATE=utf8mb4_0900_ai_ci;

--
-- Dumping data for table `admin_users`
--

INSERT INTO `admin_users` (`id`, `username`, `password_hash`, `email`, `is_active`, `created_at`, `updated_at`) VALUES
(1, 'admin', '$2y$10$92IXUNpkjO0rOQ5byMi.Ye4oKoEa3Ro9llC/.og/at2.uheWG/igi', 'admin@amyoparks.com', 1, '2025-06-30 20:35:12', '2025-06-30 20:35:12');

-- --------------------------------------------------------

--
-- Table structure for table `amenities`
--

CREATE TABLE `amenities` (
  `amenity_id` int NOT NULL,
  `park_id` int NOT NULL,
  `category_id` int NOT NULL,
  `instance_name` varchar(100) DEFAULT NULL,
  `created_at` timestamp NULL DEFAULT CURRENT_TIMESTAMP,
  `updated_at` timestamp NULL DEFAULT CURRENT_TIMESTAMP ON UPDATE CURRENT_TIMESTAMP
) ENGINE=InnoDB DEFAULT CHARSET=utf8mb4 COLLATE=utf8mb4_0900_ai_ci;

--
-- Dumping data for table `amenities`
--

INSERT INTO `amenities` (`amenity_id`, `park_id`, `category_id`, `instance_name`, `created_at`, `updated_at`) VALUES
(1, 1, 2, 'Swope Diamond 1', '2025-06-30 19:37:31', '2025-06-30 19:37:31'),
(2, 1, 2, 'Swope Diamond 2', '2025-06-30 19:37:31', '2025-06-30 19:37:31'),
(3, 1, 2, 'Swope Diamond 3', '2025-06-30 19:37:31', '2025-06-30 19:37:31'),
(4, 1, 12, 'Swope Lake', '2025-06-30 19:37:31', '2025-06-30 19:37:31'),
(5, 1, 9, 'Swope Main Trail', '2025-06-30 19:37:31', '2025-06-30 19:37:31'),
(6, 2, 12, 'Loose Park Pond', '2025-06-30 19:37:31', '2025-06-30 19:37:31'),
(7, 2, 5, 'Loose Tennis Courts', '2025-06-30 19:37:31', '2025-06-30 19:37:31'),
(8, 2, 7, 'Loose Picnic Area', '2025-06-30 19:37:31', '2025-06-30 19:37:31'),
(9, 3, 12, 'Wyandotte Lake', '2025-06-30 19:37:31', '2025-06-30 19:37:31'),
(10, 3, 9, 'Wyandotte Lake Trail', '2025-06-30 19:37:31', '2025-06-30 19:37:31'),
(11, 3, 7, 'Wyandotte Picnic Area', '2025-06-30 19:37:31', '2025-06-30 19:37:31'),
(12, 4, 8, 'Penn Valley Dog Park', '2025-06-30 19:37:31', '2025-06-30 19:37:31'),
(13, 4, 9, 'Penn Valley Trail', '2025-06-30 19:37:31', '2025-06-30 19:37:31'),
(14, 4, 58, 'Liberty Memorial', '2025-06-30 19:37:31', '2025-06-30 19:37:31'),
(15, 5, 9, 'Mill Creek Trail', '2025-06-30 19:40:06', '2025-06-30 19:40:06'),
(16, 5, 7, 'Mill Creek Picnic Area', '2025-06-30 19:40:06', '2025-06-30 19:40:06'),
(17, 6, 9, 'Cliff Drive Trail', '2025-06-30 19:40:06', '2025-06-30 19:40:06'),
(18, 7, 12, 'Longview Lake', '2025-06-30 19:40:06', '2025-06-30 19:40:06'),
(19, 7, 9, 'Longview Bike Trail', '2025-06-30 19:40:06', '2025-06-30 19:40:06'),
(20, 8, 12, 'Lake Jacomo', '2025-06-30 19:40:06', '2025-06-30 19:40:06'),
(21, 8, 9, 'Fleming Hiking Trail', '2025-06-30 19:40:06', '2025-06-30 19:40:06'),
(22, 9, 6, 'Penguin Playground', '2025-06-30 19:40:06', '2025-06-30 19:40:06'),
(23, 10, 6, 'Antioch Playground', '2025-06-30 19:40:06', '2025-06-30 19:40:06'),
(24, 10, 7, 'Antioch Picnic Area', '2025-06-30 19:40:06', '2025-06-30 19:40:06'),
(25, 11, 12, 'Rose Lake', '2025-06-30 19:40:06', '2025-06-30 19:40:06'),
(26, 11, 9, 'Sar-Ko-Par Trail', '2025-06-30 19:40:06', '2025-06-30 19:40:06'),
(27, 12, 2, 'Legacy Baseball Field 1', '2025-06-30 19:40:06', '2025-06-30 19:40:06'),
(28, 12, 28, 'Legacy Soccer Field 1', '2025-06-30 19:40:06', '2025-06-30 19:40:06'),
(29, 13, 9, 'Hidden Valley Trail', '2025-06-30 19:40:06', '2025-06-30 19:40:06'),
(30, 14, 6, 'Gezer Playground', '2025-06-30 19:40:06', '2025-06-30 19:40:06'),
(31, 14, 4, 'Gezer Basketball Court', '2025-06-30 19:40:06', '2025-06-30 19:40:06'),
(32, 15, 2, 'Pierson Baseball Field', '2025-06-30 19:40:06', '2025-06-30 19:40:06'),
(33, 15, 7, 'Pierson Picnic Area', '2025-06-30 19:40:06', '2025-06-30 19:40:06'),
(34, 16, 9, 'Tomahawk Creek Trail', '2025-06-30 19:40:06', '2025-06-30 19:40:06'),
(35, 16, 2, 'Tomahawk Baseball Field', '2025-06-30 19:40:06', '2025-06-30 19:40:06'),
(36, 17, 6, 'Waterfall Playground', '2025-06-30 19:43:32', '2025-06-30 19:43:32'),
(37, 17, 9, 'Waterfall Trail', '2025-06-30 19:43:32', '2025-06-30 19:43:32'),
(38, 18, 48, 'Blue Valley Sprayground', '2025-06-30 19:43:32', '2025-06-30 19:43:32'),
(39, 18, 6, 'Blue Valley Playground', '2025-06-30 19:43:32', '2025-06-30 19:43:32'),
(40, 19, 6, 'Budd Playground', '2025-06-30 19:43:32', '2025-06-30 19:43:32'),
(41, 19, 9, 'Budd Perimeter Trail', '2025-06-30 19:43:32', '2025-06-30 19:43:32'),
(42, 20, 6, 'MLK Playground', '2025-06-30 19:43:32', '2025-06-30 19:43:32'),
(43, 21, 6, 'Tower Playground', '2025-06-30 19:43:32', '2025-06-30 19:43:32'),
(44, 22, 48, 'Parade Sprayground', '2025-06-30 19:43:32', '2025-06-30 19:43:32'),
(45, 23, 48, 'Gillham Sprayground', '2025-06-30 19:43:32', '2025-06-30 19:43:32'),
(46, 23, 6, 'Gillham Playground', '2025-06-30 19:43:32', '2025-06-30 19:43:32'),
(47, 24, 12, 'Shawnee Mission Lake', '2025-06-30 19:43:32', '2025-06-30 19:43:32'),
(48, 24, 9, 'Shawnee Mission Trail', '2025-06-30 19:43:32', '2025-06-30 19:43:32'),
(49, 25, 6, 'Hodge Playground', '2025-06-30 19:43:32', '2025-06-30 19:43:32'),
(50, 25, 9, 'Hodge Trail', '2025-06-30 19:43:32', '2025-06-30 19:43:32'),
(51, 26, 6, 'Grove Playground', '2025-06-30 19:43:32', '2025-06-30 19:43:32'),
(52, 27, 48, 'Spring Valley Sprayground', '2025-06-30 19:43:32', '2025-06-30 19:43:32'),
(53, 28, 6, 'Roanoke Playground', '2025-06-30 19:43:32', '2025-06-30 19:43:32'),
(54, 29, 9, 'Minor Trail', '2025-06-30 19:43:32', '2025-06-30 19:43:32'),
(55, 30, 5, 'Harmon Tennis Courts', '2025-06-30 19:43:32', '2025-06-30 19:43:32'),
(56, 30, 6, 'Harmon Playground', '2025-06-30 19:43:32', '2025-06-30 19:43:32'),
(57, 31, 6, 'Hawk\'s Nest Playground', '2025-06-30 19:43:32', '2025-06-30 19:43:32'),
(58, 32, 6, 'Arno Playground', '2025-06-30 19:43:32', '2025-06-30 19:43:32'),
(59, 33, 48, 'Lea McKeighan Sprayground', '2025-06-30 19:43:32', '2025-06-30 19:43:32'),
(60, 34, 6, 'Macken Playground', '2025-06-30 19:43:32', '2025-06-30 19:43:32'),
(61, 34, 9, 'Macken Trail', '2025-06-30 19:43:32', '2025-06-30 19:43:32'),
(62, 35, 9, 'English Landing Trail', '2025-06-30 19:43:32', '2025-06-30 19:43:32'),
(63, 36, 6, 'Gum Springs Playground', '2025-06-30 19:43:32', '2025-06-30 19:43:32'),
(64, 37, 12, 'Cedar Lake', '2025-06-30 19:43:32', '2025-06-30 19:43:32'),
(65, 38, 6, 'Meadowbrook Inclusive Playground', '2025-06-30 19:43:32', '2025-06-30 19:43:32'),
(66, 39, 48, 'Harmony Sprayground', '2025-06-30 19:43:32', '2025-06-30 19:43:32'),
(67, 40, 48, 'Ashland Square Sprayground', '2025-06-30 19:43:32', '2025-06-30 19:43:32'),
(68, 65, 9, 'Indian Creek Trail', '2025-07-01 03:06:55', '2025-07-01 03:06:55'),
(69, 66, 6, 'Sapling Grove Playground', '2025-07-01 03:06:55', '2025-07-01 03:06:55'),
(70, 67, 12, 'Black Hoof Lake', '2025-07-01 03:06:55', '2025-07-01 03:06:55'),
(71, 67, 9, 'Black Hoof Trail', '2025-07-01 03:06:55', '2025-07-01 03:06:55'),
(72, 68, 6, 'Stump Playground', '2025-07-01 03:06:55', '2025-07-01 03:06:55'),
(73, 69, 6, 'Santa Fe Playground', '2025-07-01 03:06:55', '2025-07-01 03:06:55'),
(74, 70, 6, 'Ironwoods Playground', '2025-07-01 03:06:55', '2025-07-01 03:06:55'),
(75, 70, 9, 'Ironwoods Trail', '2025-07-01 03:06:55', '2025-07-01 03:06:55'),
(76, 71, 6, 'Klamm Playground', '2025-07-01 03:06:55', '2025-07-01 03:06:55'),
(77, 72, 12, 'Heritage Lake', '2025-07-01 03:06:55', '2025-07-01 03:06:55'),
(78, 72, 8, 'Heritage Dog Park', '2025-07-01 03:06:55', '2025-07-01 03:06:55'),
(79, 73, 6, 'Bluejacket Playground', '2025-07-01 03:06:55', '2025-07-01 03:06:55'),
(80, 74, 6, 'Quail Creek Playground', '2025-07-01 03:06:55', '2025-07-01 03:06:55'),
(81, 75, 5, 'Franklin Tennis Courts', '2025-07-01 03:06:55', '2025-07-01 03:06:55'),
(82, 76, 6, 'City Park Playground', '2025-07-01 03:06:55', '2025-07-01 03:06:55'),
(83, 77, 9, 'Two Rivers Trail', '2025-07-01 03:06:55', '2025-07-01 03:06:55'),
(84, 78, 6, 'I-Lan Playground', '2025-07-01 03:06:55', '2025-07-01 03:06:55'),
(85, 79, 6, 'Swarner Playground', '2025-07-01 03:06:55', '2025-07-01 03:06:55'),
(86, 80, 58, 'Mahaffie Stagecoach', '2025-07-01 03:06:55', '2025-07-01 03:06:55'),
(87, 81, 6, 'Emerson Playground', '2025-07-01 03:06:55', '2025-07-01 03:06:55'),
(88, 82, 6, 'Listowel Playground', '2025-07-01 03:06:55', '2025-07-01 03:06:55'),
(89, 83, 6, 'Porter Playground', '2025-07-01 03:06:55', '2025-07-01 03:06:55'),
(90, 84, 6, 'Oak Hill Playground', '2025-07-01 03:06:55', '2025-07-01 03:06:55'),
(91, 85, 6, 'Jacob Loose Playground', '2025-07-01 03:06:55', '2025-07-01 03:06:55'),
(92, 86, 6, 'Brookside Playground', '2025-07-01 03:06:55', '2025-07-01 03:06:55'),
(93, 87, 6, 'Sunnyside Playground', '2025-07-01 03:06:55', '2025-07-01 03:06:55'),
(94, 88, 6, 'Waterwell Playground', '2025-07-01 03:06:55', '2025-07-01 03:06:55'),
(95, 89, 6, 'Park Forest Playground', '2025-07-01 03:06:55', '2025-07-01 03:06:55'),
(96, 90, 9, 'Little Blue Trail', '2025-07-01 03:06:55', '2025-07-01 03:06:55'),
(97, 91, 5, 'Happy Rock Tennis Courts', '2025-07-01 03:06:55', '2025-07-01 03:06:55'),
(98, 92, 9, 'George Owens Trail', '2025-07-01 03:06:55', '2025-07-01 03:06:55'),
(99, 93, 9, 'Line Creek Trail', '2025-07-01 03:06:55', '2025-07-01 03:06:55'),
(100, 94, 9, 'Lakewood Trail', '2025-07-01 03:06:55', '2025-07-01 03:06:55'),
(101, 145, 9, 'Burcham River Trail', '2025-07-01 05:41:46', '2025-07-01 05:41:46'),
(102, 145, 7, 'Burcham Picnic Area', '2025-07-01 05:41:46', '2025-07-01 05:41:46'),
(103, 146, 16, 'Clinton Campground', '2025-07-01 05:41:47', '2025-07-01 05:41:47'),
(104, 146, 10, 'Clinton Nature Trail', '2025-07-01 05:41:47', '2025-07-01 05:41:47'),
(105, 146, 25, 'Clinton Boat Ramp', '2025-07-01 05:41:47', '2025-07-01 05:41:47'),
(106, 147, 58, 'Watkins Woolen Mill', '2025-07-01 05:41:47', '2025-07-01 05:41:47'),
(107, 147, 16, 'Watkins Campground', '2025-07-01 05:41:47', '2025-07-01 05:41:47'),
(108, 147, 10, 'Watkins Lake Trail', '2025-07-01 05:41:47', '2025-07-01 05:41:47'),
(109, 148, 10, 'Weston Bluff Trail', '2025-07-01 05:41:47', '2025-07-01 05:41:47'),
(110, 148, 16, 'Weston Campground', '2025-07-01 05:41:47', '2025-07-01 05:41:47'),
(111, 148, 7, 'Weston Picnic Area', '2025-07-01 05:41:47', '2025-07-01 05:41:47'),
(112, 149, 10, 'Clearfork Trail', '2025-07-01 05:41:47', '2025-07-01 05:41:47'),
(113, 149, 16, 'Knob Noster Campground', '2025-07-01 05:41:47', '2025-07-01 05:41:47'),
(114, 149, 12, 'Buteo Lake', '2025-07-01 05:41:47', '2025-07-01 05:41:47'),
(115, 150, 6, 'South Park Playground', '2025-07-01 05:44:41', '2025-07-01 05:44:41'),
(116, 150, 7, 'South Park Picnic Area', '2025-07-01 05:44:41', '2025-07-01 05:44:41'),
(117, 151, 16, 'El Dorado Campground', '2025-07-01 05:44:41', '2025-07-01 05:44:41'),
(118, 151, 10, 'El Dorado Lake Trail', '2025-07-01 05:44:41', '2025-07-01 05:44:41'),
(119, 151, 25, 'El Dorado Boat Ramp', '2025-07-01 05:44:41', '2025-07-01 05:44:41'),
(120, 152, 16, 'Crowder Campground', '2025-07-01 05:44:41', '2025-07-01 05:44:41'),
(121, 152, 10, 'Crowder Trail', '2025-07-01 05:44:41', '2025-07-01 05:44:41'),
(122, 152, 12, 'Crowder Lake', '2025-07-01 05:44:41', '2025-07-01 05:44:41'),
(123, 153, 16, 'Thousand Hills Campground', '2025-07-01 05:44:41', '2025-07-01 05:44:41'),
(124, 153, 10, 'Forest Lake Trail', '2025-07-01 05:44:41', '2025-07-01 05:44:41'),
(125, 153, 12, 'Forest Lake', '2025-07-01 05:44:41', '2025-07-01 05:44:41'),
(126, 154, 6, 'Swope Memorial Playground', '2025-07-01 05:44:41', '2025-07-01 05:44:41'),
(127, 154, 9, 'Swope Memorial Trail', '2025-07-01 05:44:41', '2025-07-01 05:44:41'),
(128, 154, 7, 'Swope Memorial Picnic Area', '2025-07-01 05:44:41', '2025-07-01 05:44:41'),
(129, 155, 6, 'Watson Playground', '2025-07-01 06:08:53', '2025-07-01 06:08:53'),
(130, 155, 7, 'Watson Picnic Area', '2025-07-01 06:08:53', '2025-07-01 06:08:53'),
(131, 156, 16, 'Kanopolis Campground', '2025-07-01 06:08:53', '2025-07-01 06:08:53'),
(132, 156, 10, 'Horsethief Canyon Trail', '2025-07-01 06:08:53', '2025-07-01 06:08:53'),
(133, 156, 12, 'Kanopolis Lake', '2025-07-01 06:08:53', '2025-07-01 06:08:53'),
(134, 157, 16, 'Cheney Campground', '2025-07-01 06:08:53', '2025-07-01 06:08:53'),
(135, 157, 25, 'Cheney Boat Ramp', '2025-07-01 06:08:53', '2025-07-01 06:08:53'),
(136, 157, 10, 'Cheney Nature Trail', '2025-07-01 06:08:53', '2025-07-01 06:08:53'),
(137, 158, 58, 'Lewis and Clark Pavilion', '2025-07-01 06:08:53', '2025-07-01 06:08:53'),
(138, 158, 9, 'Riverfront Trail', '2025-07-01 06:08:53', '2025-07-01 06:08:53'),
(139, 159, 16, 'Finger Lakes Campground', '2025-07-01 06:08:53', '2025-07-01 06:08:53'),
(140, 159, 10, 'Kelley Branch Trail', '2025-07-01 06:08:53', '2025-07-01 06:08:53'),
(141, 159, 12, 'Finger Lakes', '2025-07-01 06:08:53', '2025-07-01 06:08:53'),
(142, 160, 16, 'Ozarks Campground', '2025-07-01 06:08:53', '2025-07-01 06:08:53'),
(143, 160, 10, 'Woodland Trail', '2025-07-01 06:08:53', '2025-07-01 06:08:53'),
(144, 160, 25, 'Ozarks Boat Ramp', '2025-07-01 06:08:53', '2025-07-01 06:08:53'),
(145, 161, 16, 'Wallace Campground', '2025-07-01 06:08:53', '2025-07-01 06:08:53'),
(146, 161, 10, 'Deer Run Trail', '2025-07-01 06:08:53', '2025-07-01 06:08:53'),
(147, 161, 12, 'Wallace Lake', '2025-07-01 06:08:53', '2025-07-01 06:08:53'),
(148, 162, 6, 'McBaine Playground', '2025-07-01 06:08:53', '2025-07-01 06:08:53'),
(149, 162, 7, 'McBaine Picnic Area', '2025-07-01 06:08:53', '2025-07-01 06:08:53'),
(150, 163, 6, 'Lyons Playground', '2025-07-01 06:14:04', '2025-07-01 06:14:04'),
(151, 163, 7, 'Lyons Picnic Area', '2025-07-01 06:14:04', '2025-07-01 06:14:04'),
(152, 163, 2, 'Lyons Baseball Field', '2025-07-01 06:14:04', '2025-07-01 06:14:04'),
(153, 164, 16, 'Fall River Campground', '2025-07-01 06:14:04', '2025-07-01 06:14:04'),
(154, 164, 10, 'Fall River Trail', '2025-07-01 06:14:04', '2025-07-01 06:14:04'),
(155, 164, 25, 'Fall River Boat Ramp', '2025-07-01 06:14:04', '2025-07-01 06:14:04'),
(156, 165, 16, 'Perry Campground', '2025-07-01 06:14:04', '2025-07-01 06:14:04'),
(157, 165, 10, 'Perry Lake Trail', '2025-07-01 06:14:04', '2025-07-01 06:14:04'),
(158, 165, 25, 'Perry Boat Ramp', '2025-07-01 06:14:04', '2025-07-01 06:14:04'),
(159, 166, 58, 'Fort Larned Historic Buildings', '2025-07-01 06:14:04', '2025-07-01 06:14:04'),
(160, 166, 9, 'Fort Larned History Trail', '2025-07-01 06:14:04', '2025-07-01 06:14:04'),
(161, 167, 16, 'Pershing Campground', '2025-07-01 06:14:04', '2025-07-01 06:14:04'),
(162, 167, 10, 'Locust Creek Trail', '2025-07-01 06:14:04', '2025-07-01 06:14:04'),
(163, 167, 43, 'Pershing Wetland Boardwalk', '2025-07-01 06:14:04', '2025-07-01 06:14:04'),
(164, 168, 16, 'St. Joe Campground', '2025-07-01 06:14:04', '2025-07-01 06:14:04'),
(165, 168, 10, 'St. Joe ORV Trail', '2025-07-01 06:14:04', '2025-07-01 06:14:04'),
(166, 168, 12, 'Monsanto Lake', '2025-07-01 06:14:04', '2025-07-01 06:14:04'),
(167, 169, 16, 'Graham Cave Campground', '2025-07-01 06:14:04', '2025-07-01 06:14:04'),
(168, 169, 10, 'Graham Cave Trail', '2025-07-01 06:14:04', '2025-07-01 06:14:04'),
(169, 169, 58, 'Graham Cave', '2025-07-01 06:14:04', '2025-07-01 06:14:04'),
(170, 170, 16, 'Indian Cave Campground', '2025-07-01 06:14:04', '2025-07-01 06:14:04'),
(171, 170, 10, 'Indian Cave Trail', '2025-07-01 06:14:04', '2025-07-01 06:14:04'),
(172, 170, 58, 'Indian Cave Petroglyphs', '2025-07-01 06:14:04', '2025-07-01 06:14:04'),
(173, 171, 16, 'Robbers Cave Campground', '2025-07-01 06:14:04', '2025-07-01 06:14:04'),
(174, 171, 10, 'Rough Canyon Trail', '2025-07-01 06:14:04', '2025-07-01 06:14:04'),
(175, 171, 58, 'Robbers Cave', '2025-07-01 06:14:04', '2025-07-01 06:14:04'),
(176, 172, 16, 'Natural Falls Campground', '2025-07-01 06:14:05', '2025-07-01 06:14:05'),
(177, 172, 10, 'Dripping Springs Trail', '2025-07-01 06:14:05', '2025-07-01 06:14:05'),
(178, 172, 55, 'Natural Falls', '2025-07-01 06:14:05', '2025-07-01 06:14:05'),
(179, 173, 6, 'Clinton Playground', '2025-07-01 06:24:53', '2025-07-01 06:24:53'),
(180, 173, 7, 'Clinton Picnic Area', '2025-07-01 06:24:53', '2025-07-01 06:24:53'),
(181, 174, 6, 'Holcom Playground', '2025-07-01 06:24:53', '2025-07-01 06:24:53'),
(182, 174, 2, 'Holcom Baseball Field', '2025-07-01 06:24:53', '2025-07-01 06:24:53'),
(183, 174, 5, 'Holcom Tennis Courts', '2025-07-01 06:24:53', '2025-07-01 06:24:53'),
(184, 175, 2, 'Broken Arrow Baseball Field', '2025-07-01 06:24:53', '2025-07-01 06:24:53'),
(185, 175, 6, 'Broken Arrow Playground', '2025-07-01 06:24:53', '2025-07-01 06:24:53'),
(186, 175, 7, 'Broken Arrow Picnic Area', '2025-07-01 06:24:53', '2025-07-01 06:24:53'),
(187, 176, 9, 'Riverfront Trail', '2025-07-01 06:24:54', '2025-07-01 06:24:54'),
(188, 176, 7, 'Riverfront Picnic Area', '2025-07-01 06:24:54', '2025-07-01 06:24:54'),
(189, 178, 2, 'Constant Baseball Field', '2025-07-01 17:43:48', '2025-07-01 17:43:48'),
(190, 178, 7, 'Constant Picnic Area', '2025-07-01 17:43:48', '2025-07-01 17:43:48'),
(191, 179, 2, 'Holcom Baseball Field', '2025-07-01 17:43:48', '2025-07-01 17:43:48'),
(192, 179, 5, 'Holcom Tennis Courts', '2025-07-01 17:43:48', '2025-07-01 17:43:48'),
(193, 188, 16, 'Cedar Bluff Campground', '2025-07-01 17:49:29', '2025-07-01 17:49:29'),
(194, 188, 10, 'Cedar Bluff Trail', '2025-07-01 17:49:29', '2025-07-01 17:49:29'),
(195, 188, 25, 'Cedar Bluff Boat Ramp', '2025-07-01 17:49:29', '2025-07-01 17:49:29'),
(196, 189, 16, 'Crawford Campground', '2025-07-01 17:49:29', '2025-07-01 17:49:29'),
(197, 189, 10, 'Crawford Trail', '2025-07-01 17:49:29', '2025-07-01 17:49:29'),
(198, 189, 12, 'Crawford Lake', '2025-07-01 17:49:29', '2025-07-01 17:49:29'),
(199, 190, 16, 'Cross Timbers Campground', '2025-07-01 17:49:29', '2025-07-01 17:49:29'),
(200, 190, 10, 'Cross Timbers Trail', '2025-07-01 17:49:29', '2025-07-01 17:49:29'),
(201, 190, 25, 'Cross Timbers Boat Ramp', '2025-07-01 17:49:29', '2025-07-01 17:49:29'),
(202, 191, 16, 'Eisenhower Campground', '2025-07-01 17:49:29', '2025-07-01 17:49:29'),
(203, 191, 10, 'Eisenhower Trail', '2025-07-01 17:49:29', '2025-07-01 17:49:29'),
(204, 191, 25, 'Eisenhower Boat Ramp', '2025-07-01 17:49:29', '2025-07-01 17:49:29'),
(205, 192, 16, 'Glen Elder Campground', '2025-07-01 17:49:29', '2025-07-01 17:49:29'),
(206, 192, 10, 'Glen Elder Trail', '2025-07-01 17:49:29', '2025-07-01 17:49:29'),
(207, 192, 25, 'Glen Elder Boat Ramp', '2025-07-01 17:49:29', '2025-07-01 17:49:29'),
(208, 193, 16, 'Lake Scott Campground', '2025-07-01 17:49:30', '2025-07-01 17:49:30'),
(209, 193, 10, 'Lake Scott Trail', '2025-07-01 17:49:30', '2025-07-01 17:49:30'),
(210, 193, 58, 'Lake Scott Historic Site', '2025-07-01 17:49:30', '2025-07-01 17:49:30'),
(211, 194, 16, 'Lovewell Campground', '2025-07-01 17:49:30', '2025-07-01 17:49:30'),
(212, 194, 10, 'Lovewell Trail', '2025-07-01 17:49:30', '2025-07-01 17:49:30'),
(213, 194, 31, 'Lovewell Disc Golf Course', '2025-07-01 17:49:30', '2025-07-01 17:49:30'),
(214, 195, 16, 'Milford Campground', '2025-07-01 17:49:30', '2025-07-01 17:49:30'),
(215, 195, 10, 'Milford Trail', '2025-07-01 17:49:30', '2025-07-01 17:49:30'),
(216, 195, 25, 'Milford Boat Ramp', '2025-07-01 17:49:30', '2025-07-01 17:49:30'),
(217, 196, 16, 'Pomona Campground', '2025-07-01 17:49:30', '2025-07-01 17:49:30'),
(218, 196, 10, 'Pomona Trail', '2025-07-01 17:49:30', '2025-07-01 17:49:30'),
(219, 196, 25, 'Pomona Boat Ramp', '2025-07-01 17:49:30', '2025-07-01 17:49:30'),
(220, 197, 16, 'Prairie Dog Campground', '2025-07-01 17:49:30', '2025-07-01 17:49:30'),
(221, 197, 10, 'Prairie Dog Trail', '2025-07-01 17:49:30', '2025-07-01 17:49:30'),
(222, 197, 58, 'Prairie Dog Historic Site', '2025-07-01 17:49:30', '2025-07-01 17:49:30'),
(223, 198, 16, 'Tuttle Creek Campground', '2025-07-01 17:49:30', '2025-07-01 17:49:30'),
(224, 198, 10, 'Tuttle Creek Trail', '2025-07-01 17:49:30', '2025-07-01 17:49:30'),
(225, 198, 25, 'Tuttle Creek Boat Ramp', '2025-07-01 17:49:30', '2025-07-01 17:49:30'),
(226, 199, 16, 'Webster Campground', '2025-07-01 17:49:31', '2025-07-01 17:49:31'),
(227, 199, 10, 'Webster Trail', '2025-07-01 17:49:31', '2025-07-01 17:49:31'),
(228, 199, 25, 'Webster Boat Ramp', '2025-07-01 17:49:31', '2025-07-01 17:49:31'),
(229, 200, 16, 'Wilson Campground', '2025-07-01 17:49:31', '2025-07-01 17:49:31'),
(230, 200, 10, 'Wilson Trail', '2025-07-01 17:49:31', '2025-07-01 17:49:31'),
(231, 200, 25, 'Wilson Boat Ramp', '2025-07-01 17:49:31', '2025-07-01 17:49:31'),
(235, 201, 16, 'Hillsdale Campground', '2025-07-01 17:51:33', '2025-07-01 17:51:33'),
(236, 201, 10, 'Hillsdale Trail', '2025-07-01 17:51:33', '2025-07-01 17:51:33'),
(237, 201, 46, 'Saddle Ridge Trail', '2025-07-01 17:51:33', '2025-07-01 17:51:33'),
(238, 188, 16, 'Cedar Bluff Campground', '2025-07-01 17:51:33', '2025-07-01 17:51:33'),
(239, 188, 10, 'Cedar Bluff Trail', '2025-07-01 17:51:33', '2025-07-01 17:51:33'),
(240, 188, 25, 'Cedar Bluff Boat Ramp', '2025-07-01 17:51:33', '2025-07-01 17:51:33'),
(241, 189, 16, 'Crawford Campground', '2025-07-01 17:51:33', '2025-07-01 17:51:33'),
(242, 189, 10, 'Crawford Trail', '2025-07-01 17:51:33', '2025-07-01 17:51:33'),
(243, 189, 12, 'Crawford Lake', '2025-07-01 17:51:33', '2025-07-01 17:51:33'),
(244, 190, 16, 'Cross Timbers Campground', '2025-07-01 17:51:33', '2025-07-01 17:51:33'),
(245, 190, 10, 'Cross Timbers Trail', '2025-07-01 17:51:33', '2025-07-01 17:51:33'),
(246, 190, 25, 'Cross Timbers Boat Ramp', '2025-07-01 17:51:33', '2025-07-01 17:51:33'),
(247, 191, 16, 'Eisenhower Campground', '2025-07-01 17:51:33', '2025-07-01 17:51:33'),
(248, 191, 10, 'Eisenhower Trail', '2025-07-01 17:51:33', '2025-07-01 17:51:33'),
(249, 191, 25, 'Eisenhower Boat Ramp', '2025-07-01 17:51:33', '2025-07-01 17:51:33'),
(250, 192, 16, 'Glen Elder Campground', '2025-07-01 17:51:33', '2025-07-01 17:51:33'),
(251, 192, 10, 'Glen Elder Trail', '2025-07-01 17:51:33', '2025-07-01 17:51:33'),
(252, 192, 25, 'Glen Elder Boat Ramp', '2025-07-01 17:51:33', '2025-07-01 17:51:33'),
(253, 193, 16, 'Lake Scott Campground', '2025-07-01 17:51:33', '2025-07-01 17:51:33'),
(254, 193, 10, 'Lake Scott Trail', '2025-07-01 17:51:33', '2025-07-01 17:51:33'),
(255, 193, 58, 'Lake Scott Historic Site', '2025-07-01 17:51:33', '2025-07-01 17:51:33'),
(256, 194, 16, 'Lovewell Campground', '2025-07-01 17:51:34', '2025-07-01 17:51:34'),
(257, 194, 10, 'Lovewell Trail', '2025-07-01 17:51:34', '2025-07-01 17:51:34'),
(258, 194, 31, 'Lovewell Disc Golf Course', '2025-07-01 17:51:34', '2025-07-01 17:51:34'),
(259, 195, 16, 'Milford Campground', '2025-07-01 17:51:34', '2025-07-01 17:51:34'),
(260, 195, 10, 'Milford Trail', '2025-07-01 17:51:34', '2025-07-01 17:51:34'),
(261, 195, 25, 'Milford Boat Ramp', '2025-07-01 17:51:34', '2025-07-01 17:51:34'),
(262, 196, 16, 'Pomona Campground', '2025-07-01 17:51:34', '2025-07-01 17:51:34'),
(263, 196, 10, 'Pomona Trail', '2025-07-01 17:51:34', '2025-07-01 17:51:34'),
(264, 196, 25, 'Pomona Boat Ramp', '2025-07-01 17:51:34', '2025-07-01 17:51:34'),
(265, 197, 16, 'Prairie Dog Campground', '2025-07-01 17:51:34', '2025-07-01 17:51:34'),
(266, 197, 10, 'Prairie Dog Trail', '2025-07-01 17:51:34', '2025-07-01 17:51:34'),
(267, 197, 58, 'Prairie Dog Historic Site', '2025-07-01 17:51:34', '2025-07-01 17:51:34'),
(268, 198, 16, 'Tuttle Creek Campground', '2025-07-01 17:51:34', '2025-07-01 17:51:34'),
(269, 198, 10, 'Tuttle Creek Trail', '2025-07-01 17:51:34', '2025-07-01 17:51:34'),
(270, 198, 25, 'Tuttle Creek Boat Ramp', '2025-07-01 17:51:34', '2025-07-01 17:51:34'),
(271, 199, 16, 'Webster Campground', '2025-07-01 17:51:34', '2025-07-01 17:51:34'),
(272, 199, 10, 'Webster Trail', '2025-07-01 17:51:34', '2025-07-01 17:51:34'),
(273, 199, 25, 'Webster Boat Ramp', '2025-07-01 17:51:34', '2025-07-01 17:51:34'),
(274, 200, 16, 'Wilson Campground', '2025-07-01 17:51:34', '2025-07-01 17:51:34'),
(275, 200, 10, 'Wilson Trail', '2025-07-01 17:51:34', '2025-07-01 17:51:34'),
(276, 200, 25, 'Wilson Boat Ramp', '2025-07-01 17:51:34', '2025-07-01 17:51:34'),
(280, 202, 10, 'Sand Hills Trail', '2025-07-01 17:51:34', '2025-07-01 17:51:34'),
(281, 202, 7, 'Sand Hills Picnic Area', '2025-07-01 17:51:34', '2025-07-01 17:51:34'),
(282, 203, 7, 'Mushroom Rock Picnic Area', '2025-07-01 17:51:34', '2025-07-01 17:51:34'),
(283, 203, 10, 'Mushroom Rock Trail', '2025-07-01 17:51:34', '2025-07-01 17:51:34'),
(284, 204, 10, 'Prairie Spirit Trail', '2025-07-01 17:51:34', '2025-07-01 17:51:34'),
(285, 204, 11, 'Prairie Spirit Bike Trail', '2025-07-01 17:51:34', '2025-07-01 17:51:34'),
(286, 205, 10, 'Flint Hills Trail', '2025-07-01 17:51:34', '2025-07-01 17:51:34'),
(287, 205, 11, 'Flint Hills Bike Trail', '2025-07-01 17:51:34', '2025-07-01 17:51:34'),
(288, 206, 10, 'Little Jerusalem Trail', '2025-07-01 17:51:34', '2025-07-01 17:51:34'),
(289, 206, 7, 'Little Jerusalem Picnic Area', '2025-07-01 17:51:34', '2025-07-01 17:51:34'),
(290, 207, 16, 'Meade Campground', '2025-07-01 17:51:34', '2025-07-01 17:51:34'),
(291, 207, 10, 'Meade Trail', '2025-07-01 17:51:34', '2025-07-01 17:51:34'),
(292, 207, 12, 'Meade Lake', '2025-07-01 17:51:34', '2025-07-01 17:51:34'),
(293, 208, 16, 'Atchison Campground', '2025-07-01 17:51:34', '2025-07-01 17:51:34'),
(294, 208, 12, 'Atchison Lake', '2025-07-01 17:51:34', '2025-07-01 17:51:34'),
(295, 209, 10, 'Lehigh Portland Trail', '2025-07-01 17:51:34', '2025-07-01 17:51:34'),
(296, 209, 11, 'Lehigh Portland Bike Trail', '2025-07-01 17:51:34', '2025-07-01 17:51:34'),
(297, 232, 16, 'Miami Campground', '2025-07-01 17:54:00', '2025-07-01 17:54:00'),
(298, 232, 12, 'Miami Lake', '2025-07-01 17:54:00', '2025-07-01 17:54:00'),
(299, 233, 16, 'Nemaha Campground', '2025-07-01 17:54:01', '2025-07-01 17:54:01'),
(300, 233, 12, 'Nemaha Lake', '2025-07-01 17:54:01', '2025-07-01 17:54:01'),
(301, 234, 16, 'Geary Campground', '2025-07-01 17:54:01', '2025-07-01 17:54:01'),
(302, 234, 12, 'Geary Lake', '2025-07-01 17:54:01', '2025-07-01 17:54:01'),
(303, 235, 16, 'Woodson Campground', '2025-07-01 17:54:01', '2025-07-01 17:54:01'),
(304, 235, 12, 'Woodson Lake', '2025-07-01 17:54:01', '2025-07-01 17:54:01'),
(305, 236, 16, 'Elk City Campground', '2025-07-01 17:54:01', '2025-07-01 17:54:01'),
(306, 236, 10, 'Elk City Trail', '2025-07-01 17:54:01', '2025-07-01 17:54:01'),
(307, 236, 25, 'Elk City Boat Ramp', '2025-07-01 17:54:01', '2025-07-01 17:54:01'),
(308, 237, 10, 'Kaw River Trail', '2025-07-01 17:54:01', '2025-07-01 17:54:01'),
(309, 237, 7, 'Kaw River Picnic Area', '2025-07-01 17:54:01', '2025-07-01 17:54:01'),
(310, 238, 58, 'Lexington Battlefield', '2025-07-01 17:57:10', '2025-07-01 17:57:10'),
(311, 238, 23, 'Lexington Visitor Center', '2025-07-01 17:57:10', '2025-07-01 17:57:10'),
(312, 239, 16, 'Bennett Spring Campground', '2025-07-01 17:57:10', '2025-07-01 17:57:10'),
(313, 239, 10, 'Bennett Spring Trail', '2025-07-01 17:57:10', '2025-07-01 17:57:10'),
(314, 239, 26, 'Bennett Spring Fishing Area', '2025-07-01 17:57:10', '2025-07-01 17:57:10'),
(315, 240, 16, 'Cuivre River Campground', '2025-07-01 17:57:10', '2025-07-01 17:57:10'),
(316, 240, 10, 'Cuivre River Trail', '2025-07-01 17:57:10', '2025-07-01 17:57:10'),
(317, 240, 46, 'Cuivre River Equestrian Trail', '2025-07-01 17:57:10', '2025-07-01 17:57:10'),
(318, 241, 16, 'Babler Campground', '2025-07-01 17:57:10', '2025-07-01 17:57:10'),
(319, 241, 10, 'Babler Trail', '2025-07-01 17:57:10', '2025-07-01 17:57:10'),
(320, 241, 46, 'Babler Equestrian Trail', '2025-07-01 17:57:10', '2025-07-01 17:57:10'),
(321, 242, 10, 'Ha Ha Tonka Trail', '2025-07-01 17:57:11', '2025-07-01 17:57:11'),
(322, 242, 58, 'Ha Ha Tonka Castle Ruins', '2025-07-01 17:57:11', '2025-07-01 17:57:11'),
(323, 243, 16, 'Johnson’s Shut-Ins Campground', '2025-07-01 17:57:11', '2025-07-01 17:57:11'),
(324, 243, 10, 'Shut-Ins Trail', '2025-07-01 17:57:11', '2025-07-01 17:57:11'),
(325, 243, 1, 'Shut-Ins Swimming Area', '2025-07-01 17:57:11', '2025-07-01 17:57:11'),
(326, 244, 16, 'Meramec Campground', '2025-07-01 17:57:11', '2025-07-01 17:57:11'),
(327, 244, 10, 'Meramec Trail', '2025-07-01 17:57:11', '2025-07-01 17:57:11'),
(328, 244, 58, 'Meramec Cave', '2025-07-01 17:57:11', '2025-07-01 17:57:11'),
(329, 245, 16, 'Onondaga Campground', '2025-07-01 17:57:11', '2025-07-01 17:57:11'),
(330, 245, 10, 'Onondaga Trail', '2025-07-01 17:57:11', '2025-07-01 17:57:11'),
(331, 245, 58, 'Onondaga Cave', '2025-07-01 17:57:11', '2025-07-01 17:57:11'),
(332, 246, 16, 'Roaring River Campground', '2025-07-01 17:57:11', '2025-07-01 17:57:11'),
(333, 246, 10, 'Roaring River Trail', '2025-07-01 17:57:11', '2025-07-01 17:57:11'),
(334, 246, 26, 'Roaring River Fishing Area', '2025-07-01 17:57:11', '2025-07-01 17:57:11'),
(335, 247, 10, 'Taum Sauk Trail', '2025-07-01 17:57:11', '2025-07-01 17:57:11'),
(336, 247, 16, 'Taum Sauk Campground', '2025-07-01 17:57:11', '2025-07-01 17:57:11'),
(337, 248, 58, 'Alley Mill', '2025-07-01 18:00:53', '2025-07-01 18:00:53'),
(338, 248, 10, 'Alley Spring Trail', '2025-07-01 18:00:53', '2025-07-01 18:00:53'),
(339, 249, 10, 'Braille Trail', '2025-07-01 18:00:53', '2025-07-01 18:00:53'),
(340, 249, 7, 'Elephant Rocks Picnic Area', '2025-07-01 18:00:53', '2025-07-01 18:00:53'),
(341, 250, 11, 'Katy Trail', '2025-07-01 18:00:53', '2025-07-01 18:00:53'),
(342, 250, 10, 'Katy Hiking Trail', '2025-07-01 18:00:53', '2025-07-01 18:00:53'),
(343, 251, 16, 'Montauk Campground', '2025-07-01 18:00:53', '2025-07-01 18:00:53'),
(344, 251, 10, 'Montauk Trail', '2025-07-01 18:00:53', '2025-07-01 18:00:53'),
(345, 251, 26, 'Montauk Fishing Area', '2025-07-01 18:00:53', '2025-07-01 18:00:53'),
(346, 252, 16, 'Pomme de Terre Campground', '2025-07-01 18:00:53', '2025-07-01 18:00:53'),
(347, 252, 10, 'Indian Point Trail', '2025-07-01 18:00:53', '2025-07-01 18:00:53'),
(348, 252, 25, 'Pomme de Terre Boat Ramp', '2025-07-01 18:00:53', '2025-07-01 18:00:53'),
(349, 253, 16, 'Sam A. Baker Campground', '2025-07-01 18:00:53', '2025-07-01 18:00:53'),
(350, 253, 10, 'Mudlick Trail', '2025-07-01 18:00:53', '2025-07-01 18:00:53'),
(351, 253, 46, 'Sam A. Baker Equestrian Trail', '2025-07-01 18:00:53', '2025-07-01 18:00:53'),
(352, 254, 16, 'St. Francois Campground', '2025-07-01 18:00:53', '2025-07-01 18:00:53'),
(353, 254, 10, 'Pike Run Trail', '2025-07-01 18:00:53', '2025-07-01 18:00:53'),
(354, 254, 46, 'St. Francois Equestrian Trail', '2025-07-01 18:00:53', '2025-07-01 18:00:53'),
(355, 255, 16, 'Table Rock Campground', '2025-07-01 18:00:54', '2025-07-01 18:00:54'),
(356, 255, 10, 'Table Rock Trail', '2025-07-01 18:00:54', '2025-07-01 18:00:54'),
(357, 255, 25, 'Table Rock Boat Ramp', '2025-07-01 18:00:54', '2025-07-01 18:00:54'),
(358, 256, 16, 'Trail of Tears Campground', '2025-07-01 18:00:54', '2025-07-01 18:00:54'),
(359, 256, 10, 'Trail of Tears Trail', '2025-07-01 18:00:54', '2025-07-01 18:00:54'),
(360, 257, 16, 'Washington Campground', '2025-07-01 18:00:54', '2025-07-01 18:00:54'),
(361, 257, 10, 'Washington Trail', '2025-07-01 18:00:54', '2025-07-01 18:00:54'),
(362, 257, 58, 'Washington Petroglyphs', '2025-07-01 18:00:54', '2025-07-01 18:00:54'),
(363, 258, 16, 'Big Lake Campground', '2025-07-01 18:03:53', '2025-07-01 18:03:53'),
(364, 258, 25, 'Big Lake Boat Ramp', '2025-07-01 18:03:53', '2025-07-01 18:03:53'),
(365, 258, 12, 'Big Lake', '2025-07-01 18:03:53', '2025-07-01 18:03:53'),
(366, 259, 10, 'Castlewood Trail', '2025-07-01 18:03:53', '2025-07-01 18:03:53'),
(367, 259, 11, 'Castlewood Bike Trail', '2025-07-01 18:03:53', '2025-07-01 18:03:53'),
(368, 259, 46, 'Castlewood Equestrian Trail', '2025-07-01 18:03:53', '2025-07-01 18:03:53'),
(369, 260, 58, 'Dillard Mill', '2025-07-01 18:03:53', '2025-07-01 18:03:53'),
(370, 260, 7, 'Dillard Mill Picnic Area', '2025-07-01 18:03:53', '2025-07-01 18:03:53'),
(371, 261, 16, 'Hawn Campground', '2025-07-01 18:03:53', '2025-07-01 18:03:53'),
(372, 261, 10, 'Pickle Creek Trail', '2025-07-01 18:03:53', '2025-07-01 18:03:53'),
(373, 262, 16, 'Wappapello Campground', '2025-07-01 18:03:53', '2025-07-01 18:03:53'),
(374, 262, 10, 'Wappapello Trail', '2025-07-01 18:03:53', '2025-07-01 18:03:53'),
(375, 262, 25, 'Wappapello Boat Ramp', '2025-07-01 18:03:53', '2025-07-01 18:03:53'),
(376, 263, 16, 'Lewis and Clark Campground', '2025-07-01 18:03:54', '2025-07-01 18:03:54'),
(377, 263, 10, 'Lewis and Clark Trail', '2025-07-01 18:03:54', '2025-07-01 18:03:54'),
(378, 263, 12, 'Lewis and Clark Lake', '2025-07-01 18:03:54', '2025-07-01 18:03:54'),
(379, 264, 58, 'Missouri Mines Museum', '2025-07-01 18:03:54', '2025-07-01 18:03:54'),
(380, 264, 7, 'Missouri Mines Picnic Area', '2025-07-01 18:03:54', '2025-07-01 18:03:54'),
(381, 265, 10, 'Prairie Trail', '2025-07-01 18:03:54', '2025-07-01 18:03:54'),
(382, 265, 24, 'Prairie Bison Viewing Area', '2025-07-01 18:03:54', '2025-07-01 18:03:54'),
(383, 266, 16, 'Stockton Campground', '2025-07-01 18:03:54', '2025-07-01 18:03:54'),
(384, 266, 10, 'Stockton Trail', '2025-07-01 18:03:54', '2025-07-01 18:03:54'),
(385, 266, 25, 'Stockton Boat Ramp', '2025-07-01 18:03:54', '2025-07-01 18:03:54'),
(386, 267, 16, 'Wakonda Campground', '2025-07-01 18:03:54', '2025-07-01 18:03:54'),
(387, 267, 10, 'Wakonda Trail', '2025-07-01 18:03:54', '2025-07-01 18:03:54'),
(388, 267, 12, 'Wakonda Lake', '2025-07-01 18:03:54', '2025-07-01 18:03:54'),
(389, 268, 10, 'Oumessourit Trail', '2025-07-01 18:33:30', '2025-07-01 18:33:30'),
(390, 268, 58, 'Missouri Indian Cultural Center', '2025-07-01 18:33:30', '2025-07-01 18:33:30'),
(391, 269, 58, 'Arrow Rock Village', '2025-07-01 18:33:30', '2025-07-01 18:33:30'),
(392, 269, 23, 'Arrow Rock Visitor Center', '2025-07-01 18:33:30', '2025-07-01 18:33:30'),
(393, 270, 58, 'Athens Battlefield', '2025-07-01 18:33:30', '2025-07-01 18:33:30'),
(394, 270, 10, 'Athens Trail', '2025-07-01 18:33:30', '2025-07-01 18:33:30'),
(395, 271, 58, 'Island Mound Battlefield', '2025-07-01 18:33:30', '2025-07-01 18:33:30'),
(396, 271, 7, 'Island Mound Picnic Area', '2025-07-01 18:33:30', '2025-07-01 18:33:30'),
(397, 272, 58, 'Bollinger Mill', '2025-07-01 18:33:31', '2025-07-01 18:33:31'),
(398, 272, 7, 'Bollinger Mill Picnic Area', '2025-07-01 18:33:31', '2025-07-01 18:33:31'),
(399, 273, 58, 'Boone’s Lick Salt Works', '2025-07-01 18:33:31', '2025-07-01 18:33:31'),
(400, 273, 7, 'Boone’s Lick Picnic Area', '2025-07-01 18:33:31', '2025-07-01 18:33:31'),
(401, 274, 58, 'Bothwell Lodge', '2025-07-01 18:33:31', '2025-07-01 18:33:31'),
(402, 274, 10, 'Bothwell Lodge Trail', '2025-07-01 18:33:31', '2025-07-01 18:33:31'),
(403, 275, 58, 'Clark’s Hill Overlook', '2025-07-01 18:33:31', '2025-07-01 18:33:31'),
(404, 275, 10, 'Clark’s Hill Trail', '2025-07-01 18:33:31', '2025-07-01 18:33:31'),
(405, 276, 58, 'Confederate Cemetery', '2025-07-01 18:33:31', '2025-07-01 18:33:31'),
(406, 276, 23, 'Confederate Memorial Visitor Center', '2025-07-01 18:33:31', '2025-07-01 18:33:31'),
(407, 277, 10, 'Current River Trail', '2025-07-01 18:33:31', '2025-07-01 18:33:31'),
(408, 277, 58, 'Current River Historic Buildings', '2025-07-01 18:33:31', '2025-07-01 18:33:31'),
(409, 278, 58, 'Deutschheim Homes', '2025-07-01 18:33:31', '2025-07-01 18:33:31'),
(410, 278, 23, 'Deutschheim Visitor Center', '2025-07-01 18:33:31', '2025-07-01 18:33:31'),
(411, 279, 10, 'Sandstone Canyon Trail', '2025-07-01 18:33:31', '2025-07-01 18:33:31'),
(412, 279, 7, 'Don Robinson Picnic Area', '2025-07-01 18:33:31', '2025-07-01 18:33:31'),
(413, 280, 16, 'Echo Bluff Campground', '2025-07-01 18:33:31', '2025-07-01 18:33:31'),
(414, 280, 10, 'Echo Bluff Trail', '2025-07-01 18:33:31', '2025-07-01 18:33:31'),
(415, 281, 10, 'Confluence Point Trail', '2025-07-01 18:33:31', '2025-07-01 18:33:31'),
(416, 281, 7, 'Confluence Point Picnic Area', '2025-07-01 18:33:31', '2025-07-01 18:33:31'),
(417, 282, 58, 'Felix Vallé House', '2025-07-01 18:33:31', '2025-07-01 18:33:31'),
(418, 282, 23, 'Felix Vallé Visitor Center', '2025-07-01 18:33:31', '2025-07-01 18:33:31'),
(419, 283, 58, 'First State Capitol', '2025-07-01 18:33:31', '2025-07-01 18:33:31'),
(420, 283, 23, 'First Capitol Visitor Center', '2025-07-01 18:33:31', '2025-07-01 18:33:31'),
(421, 284, 58, 'Dunklin Grave', '2025-07-01 18:33:31', '2025-07-01 18:33:31'),
(422, 284, 7, 'Dunklin Grave Picnic Area', '2025-07-01 18:33:31', '2025-07-01 18:33:31'),
(423, 285, 10, 'Grand Gulf Trail', '2025-07-01 18:33:31', '2025-07-01 18:33:31'),
(424, 285, 7, 'Grand Gulf Picnic Area', '2025-07-01 18:33:31', '2025-07-01 18:33:31'),
(425, 286, 58, 'Truman Birthplace', '2025-07-01 18:33:31', '2025-07-01 18:33:31'),
(426, 286, 23, 'Truman Birthplace Visitor Center', '2025-07-01 18:33:31', '2025-07-01 18:33:31'),
(427, 287, 16, 'Truman Campground', '2025-07-01 18:33:32', '2025-07-01 18:33:32'),
(428, 287, 10, 'Truman Trail', '2025-07-01 18:33:32', '2025-07-01 18:33:32'),
(429, 287, 25, 'Truman Boat Ramp', '2025-07-01 18:33:32', '2025-07-01 18:33:32'),
(430, 288, 58, 'Hunter-Dawson Mansion', '2025-07-01 18:33:32', '2025-07-01 18:33:32'),
(431, 288, 23, 'Hunter-Dawson Visitor Center', '2025-07-01 18:33:32', '2025-07-01 18:33:32'),
(432, 289, 58, 'Iliniwek Village Site', '2025-07-01 18:33:32', '2025-07-01 18:33:32'),
(433, 289, 7, 'Iliniwek Picnic Area', '2025-07-01 18:33:32', '2025-07-01 18:33:32'),
(434, 290, 58, 'Jefferson Landing Buildings', '2025-07-01 18:33:32', '2025-07-01 18:33:32'),
(435, 290, 23, 'Jefferson Landing Visitor Center', '2025-07-01 18:33:32', '2025-07-01 18:33:32'),
(436, 291, 58, 'Jewell Cemetery', '2025-07-01 18:33:32', '2025-07-01 18:33:32'),
(437, 291, 7, 'Jewell Cemetery Picnic Area', '2025-07-01 18:33:32', '2025-07-01 18:33:32'),
(438, 292, 58, 'Locust Creek Covered Bridge', '2025-07-01 18:33:32', '2025-07-01 18:33:32'),
(439, 292, 7, 'Locust Creek Picnic Area', '2025-07-01 18:33:32', '2025-07-01 18:33:32'),
(440, 293, 58, 'Mark Twain Birthplace Cabin', '2025-07-01 18:33:32', '2025-07-01 18:33:32'),
(441, 293, 23, 'Mark Twain Birthplace Visitor Center', '2025-07-01 18:33:32', '2025-07-01 18:33:32'),
(442, 316, 16, 'Yellowstone Campground', '2025-07-01 18:39:31', '2025-07-01 18:39:31'),
(443, 316, 10, 'Yellowstone Trail', '2025-07-01 18:39:31', '2025-07-01 18:39:31'),
(444, 316, 23, 'Old Faithful Visitor Center', '2025-07-01 18:39:31', '2025-07-01 18:39:31'),
(445, 317, 16, 'Yosemite Campground', '2025-07-01 18:39:31', '2025-07-01 18:39:31'),
(446, 317, 10, 'Yosemite Valley Trail', '2025-07-01 18:39:31', '2025-07-01 18:39:31'),
(447, 317, 23, 'Yosemite Valley Visitor Center', '2025-07-01 18:39:31', '2025-07-01 18:39:31'),
(448, 318, 16, 'Mather Campground', '2025-07-01 18:39:32', '2025-07-01 18:39:32'),
(449, 318, 10, 'Bright Angel Trail', '2025-07-01 18:39:32', '2025-07-01 18:39:32'),
(450, 318, 23, 'Grand Canyon Visitor Center', '2025-07-01 18:39:32', '2025-07-01 18:39:32'),
(451, 319, 16, 'Cades Cove Campground', '2025-07-01 18:39:32', '2025-07-01 18:39:32'),
(452, 319, 10, 'Appalachian Trail', '2025-07-01 18:39:32', '2025-07-01 18:39:32'),
(453, 319, 23, 'Sugarlands Visitor Center', '2025-07-01 18:39:32', '2025-07-01 18:39:32'),
(454, 320, 16, 'Watchman Campground', '2025-07-01 18:39:32', '2025-07-01 18:39:32'),
(455, 320, 10, 'Angels Landing Trail', '2025-07-01 18:39:32', '2025-07-01 18:39:32'),
(456, 320, 23, 'Zion Visitor Center', '2025-07-01 18:39:32', '2025-07-01 18:39:32'),
(457, 321, 58, 'Gettysburg Battlefield', '2025-07-01 18:39:32', '2025-07-01 18:39:32'),
(458, 321, 23, 'Gettysburg Visitor Center', '2025-07-01 18:39:32', '2025-07-01 18:39:32'),
(459, 322, 16, 'Flamingo Campground', '2025-07-01 18:39:32', '2025-07-01 18:39:32'),
(460, 322, 10, 'Anhinga Trail', '2025-07-01 18:39:32', '2025-07-01 18:39:32'),
(461, 322, 23, 'Ernest F. Coe Visitor Center', '2025-07-01 18:39:32', '2025-07-01 18:39:32'),
(462, 323, 58, 'Statue of Liberty', '2025-07-01 18:39:33', '2025-07-01 18:39:33'),
(463, 323, 23, 'Ellis Island Visitor Center', '2025-07-01 18:39:33', '2025-07-01 18:39:33'),
(464, 324, 58, 'Independence Hall', '2025-07-01 18:39:33', '2025-07-01 18:39:33'),
(465, 324, 23, 'Independence Visitor Center', '2025-07-01 18:39:33', '2025-07-01 18:39:33');

-- --------------------------------------------------------

--
-- Table structure for table `amenity_attributes`
--

CREATE TABLE `amenity_attributes` (
  `attribute_id` int NOT NULL,
  `amenity_id` int NOT NULL,
  `attribute_type_id` int NOT NULL,
  `attribute_value` varchar(255) NOT NULL,
  `created_at` timestamp NULL DEFAULT CURRENT_TIMESTAMP
) ENGINE=InnoDB DEFAULT CHARSET=utf8mb4 COLLATE=utf8mb4_0900_ai_ci;

--
-- Dumping data for table `amenity_attributes`
--

INSERT INTO `amenity_attributes` (`attribute_id`, `amenity_id`, `attribute_type_id`, `attribute_value`, `created_at`) VALUES
(1, 7, 1, '6', '2025-06-30 19:37:31'),
(2, 7, 2, 'yes', '2025-06-30 19:37:31'),
(3, 8, 2, 'yes', '2025-06-30 19:37:31'),
(4, 11, 2, 'yes', '2025-06-30 19:37:31'),
(5, 12, 3, 'all', '2025-06-30 19:37:31'),
(6, 12, 2, 'yes', '2025-06-30 19:37:31'),
(7, 14, 2, 'yes', '2025-06-30 19:37:31'),
(8, 16, 2, 'yes', '2025-06-30 19:40:06'),
(9, 17, 5, 'paved', '2025-06-30 19:40:06'),
(10, 17, 2, 'yes', '2025-06-30 19:40:06'),
(11, 19, 5, 'paved', '2025-06-30 19:40:06'),
(12, 22, 4, 'animal-themed', '2025-06-30 19:40:06'),
(13, 22, 2, 'yes', '2025-06-30 19:40:06'),
(14, 23, 2, 'yes', '2025-06-30 19:40:06'),
(15, 24, 2, 'yes', '2025-06-30 19:40:06'),
(16, 26, 5, 'paved', '2025-06-30 19:40:06'),
(17, 33, 2, 'yes', '2025-06-30 19:40:06'),
(18, 68, 5, 'paved', '2025-07-01 03:06:55'),
(19, 68, 2, 'yes', '2025-07-01 03:06:55'),
(20, 69, 2, 'yes', '2025-07-01 03:06:55'),
(21, 71, 5, 'paved', '2025-07-01 03:06:55'),
(22, 72, 2, 'yes', '2025-07-01 03:06:55'),
(23, 73, 2, 'yes', '2025-07-01 03:06:55'),
(24, 74, 2, 'yes', '2025-07-01 03:06:55'),
(25, 76, 2, 'yes', '2025-07-01 03:06:55'),
(26, 78, 3, 'all', '2025-07-01 03:06:55'),
(27, 78, 2, 'yes', '2025-07-01 03:06:55'),
(28, 79, 2, 'yes', '2025-07-01 03:06:55'),
(29, 80, 2, 'yes', '2025-07-01 03:06:55'),
(30, 81, 1, '2', '2025-07-01 03:06:55'),
(31, 81, 2, 'yes', '2025-07-01 03:06:55'),
(32, 82, 2, 'yes', '2025-07-01 03:06:55'),
(33, 84, 2, 'yes', '2025-07-01 03:06:55'),
(34, 85, 2, 'yes', '2025-07-01 03:06:55'),
(35, 87, 2, 'yes', '2025-07-01 03:06:55'),
(36, 88, 2, 'yes', '2025-07-01 03:06:55'),
(37, 89, 2, 'yes', '2025-07-01 03:06:55'),
(38, 90, 2, 'yes', '2025-07-01 03:06:55'),
(39, 91, 2, 'yes', '2025-07-01 03:06:55'),
(40, 92, 2, 'yes', '2025-07-01 03:06:55'),
(41, 93, 2, 'yes', '2025-07-01 03:06:55'),
(42, 94, 2, 'yes', '2025-07-01 03:06:55'),
(43, 95, 2, 'yes', '2025-07-01 03:06:55'),
(44, 97, 1, '4', '2025-07-01 03:06:55'),
(45, 97, 2, 'yes', '2025-07-01 03:06:55'),
(46, 101, 5, 'paved', '2025-07-01 05:41:47'),
(47, 101, 2, 'yes', '2025-07-01 05:41:47'),
(48, 102, 2, 'yes', '2025-07-01 05:41:47'),
(49, 103, 2, 'yes', '2025-07-01 05:41:47'),
(50, 104, 5, 'dirt', '2025-07-01 05:41:47'),
(51, 105, 2, 'yes', '2025-07-01 05:41:47'),
(52, 106, 2, 'yes', '2025-07-01 05:41:47'),
(53, 107, 2, 'yes', '2025-07-01 05:41:47'),
(54, 108, 5, 'gravel', '2025-07-01 05:41:47'),
(55, 109, 5, 'dirt', '2025-07-01 05:41:47'),
(56, 110, 2, 'yes', '2025-07-01 05:41:47'),
(57, 111, 2, 'yes', '2025-07-01 05:41:47'),
(58, 112, 5, 'dirt', '2025-07-01 05:41:47'),
(59, 113, 2, 'yes', '2025-07-01 05:41:47'),
(60, 114, 2, 'yes', '2025-07-01 05:41:47'),
(61, 115, 2, 'yes', '2025-07-01 05:44:41'),
(62, 116, 2, 'yes', '2025-07-01 05:44:41'),
(63, 117, 2, 'yes', '2025-07-01 05:44:41'),
(64, 118, 5, 'gravel', '2025-07-01 05:44:41'),
(65, 119, 2, 'yes', '2025-07-01 05:44:41'),
(66, 120, 2, 'yes', '2025-07-01 05:44:41'),
(67, 121, 5, 'dirt', '2025-07-01 05:44:41'),
(68, 122, 2, 'yes', '2025-07-01 05:44:41'),
(69, 123, 2, 'yes', '2025-07-01 05:44:41'),
(70, 124, 5, 'gravel', '2025-07-01 05:44:41'),
(71, 125, 2, 'yes', '2025-07-01 05:44:41'),
(72, 126, 2, 'yes', '2025-07-01 05:44:41'),
(73, 127, 5, 'paved', '2025-07-01 05:44:41'),
(74, 127, 2, 'yes', '2025-07-01 05:44:41'),
(75, 128, 2, 'yes', '2025-07-01 05:44:41'),
(76, 129, 2, 'yes', '2025-07-01 06:08:53'),
(77, 130, 2, 'yes', '2025-07-01 06:08:53'),
(78, 131, 2, 'yes', '2025-07-01 06:08:53'),
(79, 132, 5, 'dirt', '2025-07-01 06:08:53'),
(80, 133, 2, 'yes', '2025-07-01 06:08:53'),
(81, 134, 2, 'yes', '2025-07-01 06:08:53'),
(82, 135, 2, 'yes', '2025-07-01 06:08:53'),
(83, 136, 5, 'gravel', '2025-07-01 06:08:53'),
(84, 137, 2, 'yes', '2025-07-01 06:08:53'),
(85, 138, 5, 'paved', '2025-07-01 06:08:53'),
(86, 138, 2, 'yes', '2025-07-01 06:08:53'),
(87, 139, 2, 'yes', '2025-07-01 06:08:53'),
(88, 140, 5, 'dirt', '2025-07-01 06:08:53'),
(89, 141, 2, 'yes', '2025-07-01 06:08:53'),
(90, 142, 2, 'yes', '2025-07-01 06:08:53'),
(91, 143, 5, 'gravel', '2025-07-01 06:08:53'),
(92, 144, 2, 'yes', '2025-07-01 06:08:53'),
(93, 145, 2, 'yes', '2025-07-01 06:08:53'),
(94, 146, 5, 'gravel', '2025-07-01 06:08:53'),
(95, 147, 2, 'yes', '2025-07-01 06:08:53'),
(96, 148, 2, 'yes', '2025-07-01 06:08:53'),
(97, 149, 2, 'yes', '2025-07-01 06:08:53'),
(98, 150, 2, 'yes', '2025-07-01 06:14:04'),
(99, 151, 2, 'yes', '2025-07-01 06:14:04'),
(100, 152, 2, 'yes', '2025-07-01 06:14:04'),
(101, 153, 2, 'yes', '2025-07-01 06:14:04'),
(102, 154, 5, 'gravel', '2025-07-01 06:14:04'),
(103, 155, 2, 'yes', '2025-07-01 06:14:04'),
(104, 156, 2, 'yes', '2025-07-01 06:14:04'),
(105, 157, 5, 'gravel', '2025-07-01 06:14:04'),
(106, 158, 2, 'yes', '2025-07-01 06:14:04'),
(107, 159, 2, 'yes', '2025-07-01 06:14:04'),
(108, 160, 5, 'paved', '2025-07-01 06:14:04'),
(109, 160, 2, 'yes', '2025-07-01 06:14:04'),
(110, 161, 2, 'yes', '2025-07-01 06:14:04'),
(111, 162, 5, 'gravel', '2025-07-01 06:14:04'),
(112, 163, 2, 'yes', '2025-07-01 06:14:04'),
(113, 164, 2, 'yes', '2025-07-01 06:14:04'),
(114, 165, 5, 'dirt', '2025-07-01 06:14:04'),
(115, 166, 2, 'yes', '2025-07-01 06:14:04'),
(116, 167, 2, 'yes', '2025-07-01 06:14:04'),
(117, 168, 5, 'gravel', '2025-07-01 06:14:04'),
(118, 169, 2, 'yes', '2025-07-01 06:14:04'),
(119, 170, 2, 'yes', '2025-07-01 06:14:04'),
(120, 171, 5, 'dirt', '2025-07-01 06:14:04'),
(121, 172, 2, 'yes', '2025-07-01 06:14:04'),
(122, 173, 2, 'yes', '2025-07-01 06:14:04'),
(123, 174, 5, 'dirt', '2025-07-01 06:14:04'),
(124, 175, 2, 'yes', '2025-07-01 06:14:04'),
(125, 176, 2, 'yes', '2025-07-01 06:14:05'),
(126, 177, 5, 'gravel', '2025-07-01 06:14:05'),
(127, 178, 2, 'yes', '2025-07-01 06:14:05'),
(128, 179, 2, 'yes', '2025-07-01 06:24:53'),
(129, 180, 2, 'yes', '2025-07-01 06:24:53'),
(130, 181, 2, 'yes', '2025-07-01 06:24:53'),
(131, 182, 2, 'yes', '2025-07-01 06:24:53'),
(132, 183, 1, '4', '2025-07-01 06:24:53'),
(133, 183, 2, 'yes', '2025-07-01 06:24:53'),
(134, 184, 2, 'yes', '2025-07-01 06:24:53'),
(135, 185, 2, 'yes', '2025-07-01 06:24:53'),
(136, 186, 2, 'yes', '2025-07-01 06:24:53'),
(140, 189, 2, 'yes', '2025-07-01 17:43:48'),
(141, 190, 2, 'yes', '2025-07-01 17:43:48'),
(148, 193, 2, 'yes', '2025-07-01 17:49:29'),
(149, 194, 5, 'dirt', '2025-07-01 17:49:29'),
(150, 195, 2, 'yes', '2025-07-01 17:49:29'),
(151, 196, 2, 'yes', '2025-07-01 17:49:29'),
(152, 197, 5, 'gravel', '2025-07-01 17:49:29'),
(153, 198, 2, 'yes', '2025-07-01 17:49:29'),
(154, 199, 2, 'yes', '2025-07-01 17:49:29'),
(155, 200, 5, 'dirt', '2025-07-01 17:49:29'),
(156, 201, 2, 'yes', '2025-07-01 17:49:29'),
(157, 202, 2, 'yes', '2025-07-01 17:49:29'),
(158, 203, 5, 'gravel', '2025-07-01 17:49:29'),
(159, 204, 2, 'yes', '2025-07-01 17:49:29'),
(160, 205, 2, 'yes', '2025-07-01 17:49:29'),
(161, 206, 5, 'gravel', '2025-07-01 17:49:29'),
(162, 207, 2, 'yes', '2025-07-01 17:49:29'),
(163, 208, 2, 'yes', '2025-07-01 17:49:30'),
(164, 209, 5, 'dirt', '2025-07-01 17:49:30'),
(165, 210, 2, 'yes', '2025-07-01 17:49:30'),
(166, 211, 2, 'yes', '2025-07-01 17:49:30'),
(167, 212, 5, 'gravel', '2025-07-01 17:49:30'),
(168, 213, 2, 'yes', '2025-07-01 17:49:30'),
(169, 214, 2, 'yes', '2025-07-01 17:49:30'),
(170, 215, 5, 'gravel', '2025-07-01 17:49:30'),
(171, 216, 2, 'yes', '2025-07-01 17:49:30'),
(172, 217, 2, 'yes', '2025-07-01 17:49:30'),
(173, 218, 5, 'gravel', '2025-07-01 17:49:30'),
(174, 219, 2, 'yes', '2025-07-01 17:49:30'),
(175, 220, 2, 'yes', '2025-07-01 17:49:30'),
(176, 221, 5, 'gravel', '2025-07-01 17:49:30'),
(177, 222, 2, 'yes', '2025-07-01 17:49:30'),
(178, 223, 2, 'yes', '2025-07-01 17:49:31'),
(179, 224, 5, 'gravel', '2025-07-01 17:49:31'),
(180, 225, 2, 'yes', '2025-07-01 17:49:31'),
(181, 226, 2, 'yes', '2025-07-01 17:49:31'),
(182, 227, 5, 'gravel', '2025-07-01 17:49:31'),
(183, 228, 2, 'yes', '2025-07-01 17:49:31'),
(184, 229, 2, 'yes', '2025-07-01 17:49:31'),
(185, 230, 5, 'gravel', '2025-07-01 17:49:31'),
(186, 231, 2, 'yes', '2025-07-01 17:49:31'),
(187, 235, 2, 'yes', '2025-07-01 17:51:33'),
(188, 236, 5, 'gravel', '2025-07-01 17:51:33'),
(189, 236, 2, 'yes', '2025-07-01 17:51:33'),
(190, 237, 5, 'dirt', '2025-07-01 17:51:33'),
(233, 280, 5, 'gravel', '2025-07-01 17:51:34'),
(234, 281, 2, 'yes', '2025-07-01 17:51:34'),
(235, 282, 2, 'yes', '2025-07-01 17:51:34'),
(236, 283, 5, 'gravel', '2025-07-01 17:51:34'),
(237, 284, 5, 'paved', '2025-07-01 17:51:34'),
(238, 285, 5, 'paved', '2025-07-01 17:51:34'),
(239, 286, 5, 'gravel', '2025-07-01 17:51:34'),
(240, 287, 5, 'gravel', '2025-07-01 17:51:34'),
(241, 288, 5, 'dirt', '2025-07-01 17:51:34'),
(242, 289, 2, 'yes', '2025-07-01 17:51:34'),
(243, 290, 2, 'yes', '2025-07-01 17:51:34'),
(244, 291, 5, 'gravel', '2025-07-01 17:51:34'),
(245, 292, 2, 'yes', '2025-07-01 17:51:34'),
(246, 293, 2, 'yes', '2025-07-01 17:51:34'),
(247, 294, 2, 'yes', '2025-07-01 17:51:34'),
(248, 295, 5, 'gravel', '2025-07-01 17:51:34'),
(249, 296, 5, 'gravel', '2025-07-01 17:51:34'),
(250, 297, 2, 'yes', '2025-07-01 17:54:00'),
(251, 298, 2, 'yes', '2025-07-01 17:54:00'),
(252, 299, 2, 'yes', '2025-07-01 17:54:01'),
(253, 300, 2, 'yes', '2025-07-01 17:54:01'),
(254, 301, 2, 'yes', '2025-07-01 17:54:01'),
(255, 302, 2, 'yes', '2025-07-01 17:54:01'),
(256, 303, 2, 'yes', '2025-07-01 17:54:01'),
(257, 304, 2, 'yes', '2025-07-01 17:54:01'),
(258, 305, 2, 'yes', '2025-07-01 17:54:01'),
(259, 306, 5, 'gravel', '2025-07-01 17:54:01'),
(260, 307, 2, 'yes', '2025-07-01 17:54:01'),
(261, 308, 5, 'gravel', '2025-07-01 17:54:01'),
(262, 309, 2, 'yes', '2025-07-01 17:54:01'),
(263, 310, 2, 'yes', '2025-07-01 17:57:10'),
(264, 311, 2, 'yes', '2025-07-01 17:57:10'),
(265, 312, 2, 'yes', '2025-07-01 17:57:10'),
(266, 313, 5, 'gravel', '2025-07-01 17:57:10'),
(267, 314, 2, 'yes', '2025-07-01 17:57:10'),
(268, 315, 2, 'yes', '2025-07-01 17:57:10'),
(269, 316, 5, 'gravel', '2025-07-01 17:57:10'),
(270, 317, 5, 'dirt', '2025-07-01 17:57:10'),
(271, 318, 2, 'yes', '2025-07-01 17:57:10'),
(272, 319, 5, 'gravel', '2025-07-01 17:57:10'),
(273, 320, 5, 'dirt', '2025-07-01 17:57:10'),
(274, 321, 5, 'gravel', '2025-07-01 17:57:11'),
(275, 322, 2, 'yes', '2025-07-01 17:57:11'),
(276, 323, 2, 'yes', '2025-07-01 17:57:11'),
(277, 324, 5, 'gravel', '2025-07-01 17:57:11'),
(278, 325, 2, 'yes', '2025-07-01 17:57:11'),
(279, 326, 2, 'yes', '2025-07-01 17:57:11'),
(280, 327, 5, 'gravel', '2025-07-01 17:57:11'),
(281, 328, 2, 'yes', '2025-07-01 17:57:11'),
(282, 329, 2, 'yes', '2025-07-01 17:57:11'),
(283, 330, 5, 'gravel', '2025-07-01 17:57:11'),
(284, 331, 2, 'yes', '2025-07-01 17:57:11'),
(285, 332, 2, 'yes', '2025-07-01 17:57:11'),
(286, 333, 5, 'gravel', '2025-07-01 17:57:11'),
(287, 334, 2, 'yes', '2025-07-01 17:57:11'),
(288, 335, 5, 'gravel', '2025-07-01 17:57:11'),
(289, 336, 2, 'yes', '2025-07-01 17:57:11'),
(290, 337, 2, 'yes', '2025-07-01 18:00:53'),
(291, 338, 5, 'gravel', '2025-07-01 18:00:53'),
(292, 339, 5, 'paved', '2025-07-01 18:00:53'),
(293, 339, 2, 'yes', '2025-07-01 18:00:53'),
(294, 340, 2, 'yes', '2025-07-01 18:00:53'),
(295, 341, 5, 'paved', '2025-07-01 18:00:53'),
(296, 342, 5, 'paved', '2025-07-01 18:00:53'),
(297, 343, 2, 'yes', '2025-07-01 18:00:53'),
(298, 344, 5, 'gravel', '2025-07-01 18:00:53'),
(299, 345, 2, 'yes', '2025-07-01 18:00:53'),
(300, 346, 2, 'yes', '2025-07-01 18:00:53'),
(301, 347, 5, 'gravel', '2025-07-01 18:00:53'),
(302, 348, 2, 'yes', '2025-07-01 18:00:53'),
(303, 349, 2, 'yes', '2025-07-01 18:00:53'),
(304, 350, 5, 'gravel', '2025-07-01 18:00:53'),
(305, 351, 5, 'dirt', '2025-07-01 18:00:53'),
(306, 352, 2, 'yes', '2025-07-01 18:00:53'),
(307, 353, 5, 'gravel', '2025-07-01 18:00:53'),
(308, 354, 5, 'dirt', '2025-07-01 18:00:53'),
(309, 355, 2, 'yes', '2025-07-01 18:00:54'),
(310, 356, 5, 'gravel', '2025-07-01 18:00:54'),
(311, 357, 2, 'yes', '2025-07-01 18:00:54'),
(312, 358, 2, 'yes', '2025-07-01 18:00:54'),
(313, 359, 5, 'gravel', '2025-07-01 18:00:54'),
(314, 360, 2, 'yes', '2025-07-01 18:00:54'),
(315, 361, 5, 'gravel', '2025-07-01 18:00:54'),
(316, 362, 2, 'yes', '2025-07-01 18:00:54'),
(317, 363, 2, 'yes', '2025-07-01 18:03:53'),
(318, 364, 2, 'yes', '2025-07-01 18:03:53'),
(319, 365, 2, 'yes', '2025-07-01 18:03:53'),
(320, 366, 5, 'gravel', '2025-07-01 18:03:53'),
(321, 367, 5, 'paved', '2025-07-01 18:03:53'),
(322, 368, 5, 'dirt', '2025-07-01 18:03:53'),
(323, 369, 2, 'yes', '2025-07-01 18:03:53'),
(324, 370, 2, 'yes', '2025-07-01 18:03:53'),
(325, 371, 2, 'yes', '2025-07-01 18:03:53'),
(326, 372, 5, 'gravel', '2025-07-01 18:03:53'),
(327, 373, 2, 'yes', '2025-07-01 18:03:54'),
(328, 374, 5, 'gravel', '2025-07-01 18:03:54'),
(329, 375, 2, 'yes', '2025-07-01 18:03:54'),
(330, 376, 2, 'yes', '2025-07-01 18:03:54'),
(331, 377, 5, 'gravel', '2025-07-01 18:03:54'),
(332, 378, 2, 'yes', '2025-07-01 18:03:54'),
(333, 379, 2, 'yes', '2025-07-01 18:03:54'),
(334, 380, 2, 'yes', '2025-07-01 18:03:54'),
(335, 381, 5, 'gravel', '2025-07-01 18:03:54'),
(336, 382, 2, 'yes', '2025-07-01 18:03:54'),
(337, 383, 2, 'yes', '2025-07-01 18:03:54'),
(338, 384, 5, 'gravel', '2025-07-01 18:03:54'),
(339, 385, 2, 'yes', '2025-07-01 18:03:54'),
(340, 386, 2, 'yes', '2025-07-01 18:03:54'),
(341, 387, 5, 'gravel', '2025-07-01 18:03:54'),
(342, 388, 2, 'yes', '2025-07-01 18:03:54'),
(343, 389, 5, 'gravel', '2025-07-01 18:33:30'),
(344, 390, 2, 'yes', '2025-07-01 18:33:30'),
(345, 391, 2, 'yes', '2025-07-01 18:33:30'),
(346, 392, 2, 'yes', '2025-07-01 18:33:30'),
(347, 393, 2, 'yes', '2025-07-01 18:33:30'),
(348, 394, 5, 'gravel', '2025-07-01 18:33:30'),
(349, 395, 2, 'yes', '2025-07-01 18:33:30'),
(350, 396, 2, 'yes', '2025-07-01 18:33:30'),
(351, 397, 2, 'yes', '2025-07-01 18:33:31'),
(352, 398, 2, 'yes', '2025-07-01 18:33:31'),
(353, 399, 2, 'yes', '2025-07-01 18:33:31'),
(354, 400, 2, 'yes', '2025-07-01 18:33:31'),
(355, 401, 2, 'yes', '2025-07-01 18:33:31'),
(356, 402, 5, 'gravel', '2025-07-01 18:33:31'),
(357, 403, 2, 'yes', '2025-07-01 18:33:31'),
(358, 404, 5, 'gravel', '2025-07-01 18:33:31'),
(359, 405, 2, 'yes', '2025-07-01 18:33:31'),
(360, 406, 2, 'yes', '2025-07-01 18:33:31'),
(361, 407, 5, 'gravel', '2025-07-01 18:33:31'),
(362, 408, 2, 'yes', '2025-07-01 18:33:31'),
(363, 409, 2, 'yes', '2025-07-01 18:33:31'),
(364, 410, 2, 'yes', '2025-07-01 18:33:31'),
(365, 411, 5, 'gravel', '2025-07-01 18:33:31'),
(366, 412, 2, 'yes', '2025-07-01 18:33:31'),
(367, 413, 2, 'yes', '2025-07-01 18:33:31'),
(368, 414, 5, 'gravel', '2025-07-01 18:33:31'),
(369, 415, 5, 'gravel', '2025-07-01 18:33:31'),
(370, 416, 2, 'yes', '2025-07-01 18:33:31'),
(371, 417, 2, 'yes', '2025-07-01 18:33:31'),
(372, 418, 2, 'yes', '2025-07-01 18:33:31'),
(373, 419, 2, 'yes', '2025-07-01 18:33:31'),
(374, 420, 2, 'yes', '2025-07-01 18:33:31'),
(375, 421, 2, 'yes', '2025-07-01 18:33:31'),
(376, 422, 2, 'yes', '2025-07-01 18:33:31'),
(377, 423, 5, 'gravel', '2025-07-01 18:33:31'),
(378, 424, 2, 'yes', '2025-07-01 18:33:31'),
(379, 425, 2, 'yes', '2025-07-01 18:33:31'),
(380, 426, 2, 'yes', '2025-07-01 18:33:31'),
(381, 427, 2, 'yes', '2025-07-01 18:33:32'),
(382, 428, 5, 'gravel', '2025-07-01 18:33:32'),
(383, 429, 2, 'yes', '2025-07-01 18:33:32'),
(384, 430, 2, 'yes', '2025-07-01 18:33:32'),
(385, 431, 2, 'yes', '2025-07-01 18:33:32'),
(386, 432, 2, 'yes', '2025-07-01 18:33:32'),
(387, 433, 2, 'yes', '2025-07-01 18:33:32'),
(388, 434, 2, 'yes', '2025-07-01 18:33:32'),
(389, 435, 2, 'yes', '2025-07-01 18:33:32'),
(390, 436, 2, 'yes', '2025-07-01 18:33:32'),
(391, 437, 2, 'yes', '2025-07-01 18:33:32'),
(392, 438, 2, 'yes', '2025-07-01 18:33:32'),
(393, 439, 2, 'yes', '2025-07-01 18:33:32'),
(394, 440, 2, 'yes', '2025-07-01 18:36:55'),
(395, 441, 2, 'yes', '2025-07-01 18:36:55'),
(396, 442, 2, 'yes', '2025-07-01 18:39:31'),
(397, 443, 5, 'gravel', '2025-07-01 18:39:31'),
(398, 444, 2, 'yes', '2025-07-01 18:39:31'),
(399, 445, 2, 'yes', '2025-07-01 18:39:31'),
(400, 446, 5, 'paved', '2025-07-01 18:39:31'),
(401, 447, 2, 'yes', '2025-07-01 18:39:31'),
(402, 448, 2, 'yes', '2025-07-01 18:39:32'),
(403, 449, 5, 'gravel', '2025-07-01 18:39:32'),
(404, 450, 2, 'yes', '2025-07-01 18:39:32'),
(405, 451, 2, 'yes', '2025-07-01 18:39:32'),
(406, 452, 5, 'dirt', '2025-07-01 18:39:32'),
(407, 453, 2, 'yes', '2025-07-01 18:39:32'),
(408, 454, 2, 'yes', '2025-07-01 18:39:32'),
(409, 455, 5, 'paved', '2025-07-01 18:39:32'),
(410, 456, 2, 'yes', '2025-07-01 18:39:32'),
(411, 457, 2, 'yes', '2025-07-01 18:39:32'),
(412, 458, 2, 'yes', '2025-07-01 18:39:32'),
(413, 459, 2, 'yes', '2025-07-01 18:39:32'),
(414, 460, 5, 'paved', '2025-07-01 18:39:32'),
(415, 461, 2, 'yes', '2025-07-01 18:39:32'),
(416, 462, 2, 'yes', '2025-07-01 18:39:33'),
(417, 463, 2, 'yes', '2025-07-01 18:39:33'),
(418, 464, 2, 'yes', '2025-07-01 18:39:33'),
(419, 465, 2, 'yes', '2025-07-01 18:39:33');

-- --------------------------------------------------------

--
-- Table structure for table `amenity_categories`
--

CREATE TABLE `amenity_categories` (
  `category_id` int NOT NULL,
  `name` varchar(100) NOT NULL,
  `description` text,
  `created_at` timestamp NULL DEFAULT CURRENT_TIMESTAMP
) ENGINE=InnoDB DEFAULT CHARSET=utf8mb4 COLLATE=utf8mb4_0900_ai_ci;

--
-- Dumping data for table `amenity_categories`
--

INSERT INTO `amenity_categories` (`category_id`, `name`, `description`, `created_at`) VALUES
(1, 'Swimming Pool', 'Public or private pools for lap swimming, recreation, or splash play, varying by size, depth, or water type', '2025-06-30 18:55:07'),
(2, 'Baseball Field', 'Fields for baseball or softball, with specific fence lengths, seating, lighting, or surface types', '2025-06-30 18:55:07'),
(3, 'Football Field', 'Fields for American football, soccer, rugby, or lacrosse, with turf, grass, or lighting features', '2025-06-30 18:55:07'),
(4, 'Basketball Court', 'Outdoor or indoor courts for basketball, supporting full or half-court play, with varying surfaces', '2025-06-30 18:55:07'),
(5, 'Tennis Court', 'Courts for tennis or pickleball, with hard, clay, grass, or cushioned surfaces and net types', '2025-06-30 18:55:07'),
(6, 'Playground', 'Areas with slides, swings, climbing structures, or sensory equipment for children of varying ages', '2025-06-30 18:55:07'),
(7, 'Picnic Area', 'Spaces with tables, benches, grills, or shelters for outdoor dining and gatherings', '2025-06-30 18:55:07'),
(8, 'Dog Park', 'Fenced areas for off-leash dog play, often with separate sections for small and large dogs', '2025-06-30 18:55:07'),
(9, 'Walking Trail', 'Paved or unpaved paths for walking, jogging, or casual strolls, varying by length or accessibility', '2025-06-30 18:55:07'),
(10, 'Hiking Trail', 'Trails for hiking through natural landscapes, with different difficulty levels or elevations', '2025-06-30 18:55:07'),
(11, 'Biking Trail', 'Dedicated paths for road or mountain biking, with paved or dirt surfaces', '2025-06-30 18:55:07'),
(12, 'Lake', 'Natural or artificial bodies of water for fishing, boating, swimming, or aesthetic purposes', '2025-06-30 18:55:07'),
(13, 'Pond', 'Smaller water bodies for ecological, recreational, or decorative purposes', '2025-06-30 18:55:07'),
(14, 'Restroom', 'Permanent or portable restroom facilities, with varying accessibility or amenities', '2025-06-30 18:55:07'),
(15, 'Parking Lot', 'Designated vehicle parking areas, with accessible spaces, EV charging, or bike racks', '2025-06-30 18:55:07'),
(16, 'Campground', 'Sites for tent, RV, or cabin camping, with fire pits, hookups, or sanitation facilities', '2025-06-30 18:55:07'),
(17, 'Amphitheater', 'Outdoor venues for concerts, plays, lectures, or community events, with seating or stage features', '2025-06-30 18:55:07'),
(18, 'Skate Park', 'Areas for skateboarding, BMX, or inline skating, with ramps, rails, or bowls', '2025-06-30 18:55:07'),
(19, 'Golf Course', 'Courses for golf, including fairways, greens, driving ranges, or putting areas', '2025-06-30 18:55:07'),
(20, 'Volleyball Court', 'Courts for sand, grass, or hard-court volleyball, with permanent or portable nets', '2025-06-30 18:55:07'),
(21, 'Fitness Station', 'Outdoor exercise equipment for strength, cardio, or flexibility workouts', '2025-06-30 18:55:07'),
(22, 'Shelter', 'Covered structures for picnics, gatherings, or weather protection, with varying capacities', '2025-06-30 18:55:07'),
(23, 'Visitor Center', 'Facilities offering park information, maps, exhibits, or educational programs', '2025-06-30 18:55:07'),
(24, 'Wildlife Viewing Area', 'Designated spots for observing birds, mammals, or other wildlife, with blinds or platforms', '2025-06-30 18:55:07'),
(25, 'Boat Launch', 'Ramps or docks for launching boats, kayaks, or canoes, with trailer parking or docks', '2025-06-30 18:55:07'),
(26, 'Fishing Pier', 'Structures extending into water for fishing, with railings or seating', '2025-06-30 18:55:07'),
(27, 'Beach', 'Sandy or rocky shorelines for swimming, sunbathing, or water activities', '2025-06-30 18:55:07'),
(28, 'Soccer Field', 'Fields specifically for soccer, with goals, markings, or synthetic surfaces', '2025-06-30 18:55:07'),
(29, 'Cricket Pitch', 'Fields for cricket, with prepared pitches, boundary lines, or seating', '2025-06-30 18:55:07'),
(30, 'Archery Range', 'Areas for archery practice or competitions, with targets and safety barriers', '2025-06-30 18:55:07'),
(31, 'Disc Golf Course', 'Courses for disc golf, with baskets, tees, and fairways', '2025-06-30 18:55:07'),
(32, 'Horseshoe Pit', 'Areas for horseshoe games, with stakes and surrounding surfaces', '2025-06-30 18:55:07'),
(33, 'Bocce Ball Court', 'Courts for bocce ball, with flat surfaces and boundary markers', '2025-06-30 18:55:07'),
(34, 'Shuffleboard Court', 'Courts for shuffleboard, with marked lanes and equipment storage', '2025-06-30 18:55:07'),
(35, 'Nature Center', 'Buildings or areas for environmental education, with exhibits or trails', '2025-06-30 18:55:07'),
(36, 'Observation Tower', 'Towers or platforms for scenic views or wildlife observation', '2025-06-30 18:55:07'),
(37, 'Sledding Hill', 'Sloped areas for sledding or snow tubing during winter months', '2025-06-30 18:55:07'),
(38, 'Ice Skating Rink', 'Outdoor or covered areas for ice skating, with rental or lighting facilities', '2025-06-30 18:55:07'),
(39, 'Cross-Country Ski Trail', 'Trails for cross-country skiing, with groomed or natural snow paths', '2025-06-30 18:55:07'),
(40, 'Community Garden', 'Plots for public gardening, with water access or tool storage', '2025-06-30 18:55:07'),
(41, 'Butterfly Garden', 'Landscaped areas to attract butterflies, with native plants and benches', '2025-06-30 18:55:07'),
(42, 'Arboretum', 'Collections of trees or shrubs for education, conservation, or aesthetic purposes', '2025-06-30 18:55:07'),
(43, 'Wetland', 'Protected wetland areas for ecological preservation or wildlife viewing', '2025-06-30 18:55:07'),
(44, 'Rock Climbing Wall', 'Artificial walls for climbing, with varying difficulty or safety features', '2025-06-30 18:55:07'),
(45, 'Mini Golf Course', 'Courses for miniature golf, with themed obstacles or lighting', '2025-06-30 18:55:07'),
(46, 'Equestrian Trail', 'Trails for horseback riding, with stables or hitching posts', '2025-06-30 18:55:07'),
(47, 'Pump Track', 'Looped tracks for BMX or mountain biking, with rollers and berms', '2025-06-30 18:55:07'),
(48, 'Splash Pad', 'Water play areas with fountains or sprayers for children', '2025-06-30 18:55:07'),
(49, 'Barbecue Area', 'Designated spaces with large grills or fire pits for group cooking', '2025-06-30 18:55:07'),
(50, 'Public Art Installation', 'Sculptures, murals, or interactive art pieces for cultural enrichment', '2025-06-30 18:55:07'),
(51, 'Labyrinth', 'Paved or landscaped paths for meditative walking or reflection', '2025-06-30 18:55:07'),
(52, 'Outdoor Classroom', 'Spaces for educational programs or workshops, with seating or whiteboards', '2025-06-30 18:55:07'),
(53, 'Star Gazing Area', 'Open areas with low light pollution for astronomical observation', '2025-06-30 18:55:07'),
(54, 'Multi-Use Field', 'Open fields for various sports or activities, with flexible markings', '2025-06-30 18:55:07'),
(55, 'Waterfall', 'Natural or artificial waterfalls for scenic or recreational purposes', '2025-06-30 18:55:07'),
(56, 'Stream', 'Natural or managed streams for wading, fishing, or ecological study', '2025-06-30 18:55:07'),
(57, 'Orchard', 'Areas with fruit trees for picking, education, or conservation', '2025-06-30 18:55:07'),
(58, 'Historic Site', 'Preserved structures or areas of historical or cultural significance', '2025-06-30 18:55:07');

-- --------------------------------------------------------

--
-- Table structure for table `attributes`
--

CREATE TABLE `attributes` (
  `id` int NOT NULL,
  `name` varchar(100) NOT NULL,
  `description` text,
  `type` enum('text','number','select','radio','checkbox','boolean') NOT NULL,
  `default_value` text,
  `options` text,
  `is_required` tinyint(1) DEFAULT '0',
  `is_active` tinyint(1) DEFAULT '1',
  `created_at` timestamp NULL DEFAULT CURRENT_TIMESTAMP,
  `updated_at` timestamp NULL DEFAULT CURRENT_TIMESTAMP ON UPDATE CURRENT_TIMESTAMP
) ENGINE=InnoDB DEFAULT CHARSET=utf8mb4 COLLATE=utf8mb4_0900_ai_ci;

--
-- Dumping data for table `attributes`
--

INSERT INTO `attributes` (`id`, `name`, `description`, `type`, `default_value`, `options`, `is_required`, `is_active`, `created_at`, `updated_at`) VALUES
(1, 'Pool Depth', 'Depth of swimming pool in feet', 'number', NULL, NULL, 0, 1, '2025-06-30 23:03:32', '2025-06-30 23:03:32'),
(2, 'Court Surface', 'Type of court surface material', 'select', NULL, NULL, 0, 1, '2025-06-30 23:03:32', '2025-06-30 23:03:32'),
(3, 'Lighting Available', 'Whether facility has lighting', 'boolean', NULL, NULL, 0, 1, '2025-06-30 23:03:32', '2025-06-30 23:03:32'),
(4, 'Capacity', 'Maximum capacity or number of people', 'number', NULL, NULL, 0, 1, '2025-06-30 23:03:32', '2025-06-30 23:03:32'),
(5, 'Age Group', 'Recommended age group for equipment', 'text', NULL, NULL, 0, 1, '2025-06-30 23:03:32', '2025-06-30 23:03:32'),
(6, 'Accessibility Features', 'ADA accessibility features available', 'text', NULL, NULL, 0, 1, '2025-06-30 23:03:32', '2025-06-30 23:03:32');

-- --------------------------------------------------------

--
-- Table structure for table `attribute_types`
--

CREATE TABLE `attribute_types` (
  `attribute_type_id` int NOT NULL,
  `name` varchar(100) NOT NULL,
  `description` text,
  `created_at` timestamp NULL DEFAULT CURRENT_TIMESTAMP
) ENGINE=InnoDB DEFAULT CHARSET=utf8mb4 COLLATE=utf8mb4_0900_ai_ci;

--
-- Dumping data for table `attribute_types`
--

INSERT INTO `attribute_types` (`attribute_type_id`, `name`, `description`, `created_at`) VALUES
(1, 'court_count', 'Number of courts available for the amenity', '2025-06-30 19:37:31'),
(2, 'accessible', 'Whether the amenity is accessible for people with disabilities: yes or no', '2025-06-30 19:37:31'),
(3, 'dog_size', 'Size of dogs allowed in the dog park: small, large, all', '2025-06-30 19:37:31'),
(4, 'playground_type', 'Type of playground equipment or theme', '2025-06-30 19:40:06'),
(5, 'trail_type', 'Type of trail surface: paved, gravel, dirt', '2025-06-30 19:40:06'),
(6, 'sprayground_theme', 'Theme of the sprayground or splash pad', '2025-06-30 19:43:32');

-- --------------------------------------------------------

--
-- Table structure for table `categories`
--

CREATE TABLE `categories` (
  `id` int NOT NULL,
  `name` varchar(100) NOT NULL,
  `description` text,
  `is_active` tinyint(1) DEFAULT '1',
  `created_at` timestamp NULL DEFAULT CURRENT_TIMESTAMP,
  `updated_at` timestamp NULL DEFAULT CURRENT_TIMESTAMP ON UPDATE CURRENT_TIMESTAMP
) ENGINE=InnoDB DEFAULT CHARSET=utf8mb4 COLLATE=utf8mb4_0900_ai_ci;

--
-- Dumping data for table `categories`
--

INSERT INTO `categories` (`id`, `name`, `description`, `is_active`, `created_at`, `updated_at`) VALUES
(1, 'City Park', 'Municipal parks maintained by local government', 1, '2025-06-30 23:03:32', '2025-06-30 23:03:32'),
(2, 'State Park', 'Parks maintained by state government', 1, '2025-06-30 23:03:32', '2025-06-30 23:03:32'),
(3, 'National Park', 'Parks maintained by federal government', 1, '2025-06-30 23:03:32', '2025-06-30 23:03:32'),
(4, 'Regional Park', 'Parks serving multiple communities', 1, '2025-06-30 23:03:32', '2025-06-30 23:03:32'),
(5, 'Beach Park', 'Parks located on beaches or waterfront', 1, '2025-06-30 23:03:32', '2025-06-30 23:03:32'),
(6, 'Sports Complex', 'Parks focused on sports and recreation facilities', 1, '2025-06-30 23:03:32', '2025-06-30 23:03:32');

-- --------------------------------------------------------

--
-- Table structure for table `cities`
--

CREATE TABLE `cities` (
  `city_id` int NOT NULL,
  `name` varchar(100) NOT NULL,
  `state_id` int NOT NULL,
  `created_at` timestamp NULL DEFAULT CURRENT_TIMESTAMP
) ENGINE=InnoDB DEFAULT CHARSET=utf8mb4 COLLATE=utf8mb4_0900_ai_ci;

--
-- Dumping data for table `cities`
--

INSERT INTO `cities` (`city_id`, `name`, `state_id`, `created_at`) VALUES
(1, 'Kansas City', 1, '2025-06-30 19:37:31'),
(2, 'Kansas City', 2, '2025-06-30 19:37:31'),
(3, 'Blue Springs', 1, '2025-06-30 19:40:06'),
(4, 'Merriam', 2, '2025-06-30 19:40:06'),
(5, 'Lenexa', 2, '2025-06-30 19:40:06'),
(6, 'Lee\'s Summit', 1, '2025-06-30 19:40:06'),
(7, 'Leawood', 2, '2025-06-30 19:40:06'),
(8, 'Overland Park', 2, '2025-06-30 19:40:06'),
(9, 'Independence', 1, '2025-06-30 19:43:32'),
(10, 'Raymore', 1, '2025-06-30 19:43:32'),
(11, 'Gladstone', 1, '2025-06-30 19:43:32'),
(12, 'Prairie Village', 2, '2025-06-30 19:43:32'),
(13, 'Olathe', 2, '2025-06-30 19:43:32'),
(14, 'Shawnee', 2, '2025-06-30 19:43:32'),
(15, 'North Kansas City', 1, '2025-06-30 19:43:32'),
(16, 'Parkville', 1, '2025-06-30 19:43:32'),
(25, 'Mission', 2, '2025-07-01 03:06:55'),
(26, 'Fairway', 2, '2025-07-01 03:14:44'),
(27, 'Bonner Springs', 2, '2025-07-01 03:14:44'),
(28, 'Roeland Park', 2, '2025-07-01 03:14:44'),
(29, 'Lawrence', 2, '2025-07-01 05:41:46'),
(30, 'Lawson', 1, '2025-07-01 05:41:46'),
(31, 'Weston', 1, '2025-07-01 05:41:46'),
(32, 'Knob Noster', 1, '2025-07-01 05:41:46'),
(33, 'El Dorado', 2, '2025-07-01 05:44:41'),
(34, 'Trenton', 1, '2025-07-01 05:44:41'),
(35, 'Kirksville', 1, '2025-07-01 05:44:41'),
(38, 'Marquette', 2, '2025-07-01 06:08:53'),
(39, 'Cheney', 2, '2025-07-01 06:08:53'),
(40, 'White Cloud', 2, '2025-07-01 06:08:53'),
(41, 'Columbia', 1, '2025-07-01 06:08:53'),
(42, 'Kaiser', 1, '2025-07-01 06:08:53'),
(43, 'Cameron', 1, '2025-07-01 06:08:53'),
(46, 'Toronto', 2, '2025-07-01 06:14:04'),
(47, 'Ozawkie', 2, '2025-07-01 06:14:04'),
(48, 'Larned', 2, '2025-07-01 06:14:04'),
(49, 'Laclede', 1, '2025-07-01 06:14:04'),
(50, 'Park Hills', 1, '2025-07-01 06:14:04'),
(51, 'Montgomery City', 1, '2025-07-01 06:14:04'),
(52, 'Shubert', 9, '2025-07-01 06:14:04'),
(53, 'Wilburton', 10, '2025-07-01 06:14:04'),
(54, 'West Siloam Springs', 10, '2025-07-01 06:14:04'),
(58, 'Ellis', 2, '2025-07-01 17:49:29'),
(59, 'Farlington', 2, '2025-07-01 17:49:29'),
(60, 'Melvern', 2, '2025-07-01 17:49:29'),
(61, 'Wakeeney', 2, '2025-07-01 17:49:29'),
(62, 'Scott City', 2, '2025-07-01 17:49:29'),
(63, 'Webber', 2, '2025-07-01 17:49:29'),
(64, 'Milford', 2, '2025-07-01 17:49:29'),
(65, 'Vassar', 2, '2025-07-01 17:49:29'),
(66, 'Norton', 2, '2025-07-01 17:49:29'),
(67, 'Manhattan', 2, '2025-07-01 17:49:29'),
(68, 'Stockton', 2, '2025-07-01 17:49:29'),
(69, 'Sylvan Grove', 2, '2025-07-01 17:49:29'),
(70, 'Paola', 2, '2025-07-01 17:49:29'),
(71, 'Hutchinson', 2, '2025-07-01 17:49:29'),
(72, 'Inman', 2, '2025-07-01 17:49:29'),
(73, 'Ottawa', 2, '2025-07-01 17:49:29'),
(74, 'Oakley', 2, '2025-07-01 17:49:29'),
(75, 'Meade', 2, '2025-07-01 17:49:29'),
(76, 'Atchison', 2, '2025-07-01 17:49:29'),
(77, 'Iola', 2, '2025-07-01 17:49:29'),
(100, 'Osawatomie', 2, '2025-07-01 17:54:00'),
(101, 'Sabetha', 2, '2025-07-01 17:54:00'),
(102, 'Junction City', 2, '2025-07-01 17:54:00'),
(103, 'Pittsburg', 2, '2025-07-01 17:54:00'),
(104, 'Montgomery', 2, '2025-07-01 17:54:00'),
(105, 'Topeka', 2, '2025-07-01 17:54:00'),
(106, 'Lexington', 1, '2025-07-01 17:57:10'),
(107, 'Lebanon', 1, '2025-07-01 17:57:10'),
(108, 'Troy', 1, '2025-07-01 17:57:10'),
(109, 'Wildwood', 1, '2025-07-01 17:57:10'),
(110, 'Osage Beach', 1, '2025-07-01 17:57:10'),
(111, 'Ironton', 1, '2025-07-01 17:57:10'),
(112, 'Sullivan', 1, '2025-07-01 17:57:10'),
(113, 'Leasburg', 1, '2025-07-01 17:57:10'),
(114, 'Cassville', 1, '2025-07-01 17:57:10'),
(115, 'Arcadia', 1, '2025-07-01 17:57:10'),
(116, 'Eminence', 1, '2025-07-01 18:00:53'),
(117, 'Rocheport', 1, '2025-07-01 18:00:53'),
(118, 'Salem', 1, '2025-07-01 18:00:53'),
(119, 'Pittsburg', 1, '2025-07-01 18:00:53'),
(120, 'Patterson', 1, '2025-07-01 18:00:53'),
(121, 'Bonne Terre', 1, '2025-07-01 18:00:53'),
(122, 'Branson', 1, '2025-07-01 18:00:53'),
(123, 'Cape Girardeau', 1, '2025-07-01 18:00:53'),
(124, 'Potosi', 1, '2025-07-01 18:00:53'),
(126, 'Craig', 1, '2025-07-01 18:03:52'),
(127, 'Ballwin', 1, '2025-07-01 18:03:52'),
(128, 'Lesterville', 1, '2025-07-01 18:03:52'),
(129, 'Ste. Genevieve', 1, '2025-07-01 18:03:52'),
(130, 'Williamsville', 1, '2025-07-01 18:03:52'),
(131, 'Leadwood', 1, '2025-07-01 18:03:52'),
(132, 'Liberal', 1, '2025-07-01 18:03:52'),
(133, 'Stockton', 1, '2025-07-01 18:03:52'),
(134, 'La Grange', 1, '2025-07-01 18:03:52'),
(136, 'Miami', 1, '2025-07-01 18:33:30'),
(137, 'Arrow Rock', 1, '2025-07-01 18:33:30'),
(138, 'Athens', 1, '2025-07-01 18:33:30'),
(139, 'Pleasant Hill', 1, '2025-07-01 18:33:30'),
(140, 'Fayette', 1, '2025-07-01 18:33:30'),
(141, 'Sedalia', 1, '2025-07-01 18:33:30'),
(142, 'Osceola', 1, '2025-07-01 18:33:30'),
(143, 'Higginsville', 1, '2025-07-01 18:33:30'),
(144, 'Alton', 1, '2025-07-01 18:33:30'),
(145, 'Hermann', 1, '2025-07-01 18:33:30'),
(146, 'Eureka', 1, '2025-07-01 18:33:30'),
(147, 'Sedgewickville', 1, '2025-07-01 18:33:30'),
(148, 'St. Charles', 1, '2025-07-01 18:33:30'),
(149, 'Thayer', 1, '2025-07-01 18:33:30'),
(150, 'New Madrid', 1, '2025-07-01 18:33:30'),
(151, 'Jefferson City', 1, '2025-07-01 18:33:30'),
(152, 'Lamar', 1, '2025-07-01 18:33:30'),
(153, 'Truman', 1, '2025-07-01 18:33:30'),
(154, 'Hollister', 1, '2025-07-01 18:33:30'),
(155, 'East Prairie', 1, '2025-07-01 18:33:30'),
(156, 'Linn Creek', 1, '2025-07-01 18:33:30'),
(157, 'Ash Grove', 1, '2025-07-01 18:33:30'),
(158, 'Warsaw', 1, '2025-07-01 18:33:30'),
(159, 'Pilot Knob', 1, '2025-07-01 18:33:30'),
(160, 'Clarksville', 1, '2025-07-01 18:33:30'),
(161, 'Hannibal', 1, '2025-07-01 18:33:30'),
(166, 'Yellowstone National Park', 58, '2025-07-01 18:39:31'),
(167, 'Yosemite National Park', 17, '2025-07-01 18:39:31'),
(168, 'Grand Canyon', 15, '2025-07-01 18:39:31'),
(169, 'Gatlinburg', 50, '2025-07-01 18:39:31'),
(170, 'Springdale', 52, '2025-07-01 18:39:31'),
(171, 'Gettysburg', 46, '2025-07-01 18:39:31'),
(172, 'Homestead', 21, '2025-07-01 18:39:31'),
(173, 'New York', 41, '2025-07-01 18:39:31'),
(174, 'Philadelphia', 46, '2025-07-01 18:39:31'),
(175, 'St. Louis', 1, '2025-07-01 18:39:31'),
(176, 'Washington', 59, '2025-07-01 18:45:27'),
(177, 'Omaha', 9, '2025-07-01 18:45:27'),
(178, 'Tulsa', 10, '2025-07-01 18:45:27'),
(179, 'Birmingham', 13, '2025-07-01 18:45:27'),
(180, 'Anchorage', 14, '2025-07-01 18:45:27');

-- --------------------------------------------------------

--
-- Table structure for table `contacts`
--

CREATE TABLE `contacts` (
  `id` int NOT NULL,
  `name` varchar(100) NOT NULL,
  `email` varchar(100) NOT NULL,
  `phone` varchar(20) DEFAULT NULL,
  `subject` varchar(200) DEFAULT NULL,
  `message` text NOT NULL,
  `created_at` timestamp NULL DEFAULT CURRENT_TIMESTAMP
) ENGINE=InnoDB DEFAULT CHARSET=utf8mb4 COLLATE=utf8mb4_0900_ai_ci;

-- --------------------------------------------------------

--
-- Table structure for table `parks`
--

CREATE TABLE `parks` (
  `park_id` int NOT NULL,
  `name` varchar(255) NOT NULL,
  `address` varchar(255) DEFAULT NULL,
  `zip_code_id` int DEFAULT NULL,
  `latitude` decimal(9,6) DEFAULT NULL,
  `longitude` decimal(9,6) DEFAULT NULL,
  `hours_open` time DEFAULT NULL,
  `hours_close` time DEFAULT NULL,
  `created_at` timestamp NULL DEFAULT CURRENT_TIMESTAMP,
  `updated_at` timestamp NULL DEFAULT CURRENT_TIMESTAMP ON UPDATE CURRENT_TIMESTAMP,
  `category_id` int DEFAULT NULL,
  `description` text,
  `city` varchar(100) DEFAULT NULL,
  `state` varchar(50) DEFAULT NULL,
  `phone` varchar(20) DEFAULT NULL,
  `website` varchar(255) DEFAULT NULL,
  `email` varchar(100) DEFAULT NULL,
  `is_active` tinyint(1) DEFAULT '1',
  `is_featured` tinyint(1) DEFAULT '0'
) ENGINE=InnoDB DEFAULT CHARSET=utf8mb4 COLLATE=utf8mb4_0900_ai_ci;

--
-- Dumping data for table `parks`
--

INSERT INTO `parks` (`park_id`, `name`, `address`, `zip_code_id`, `latitude`, `longitude`, `hours_open`, `hours_close`, `created_at`, `updated_at`, `category_id`, `description`, `city`, `state`, `phone`, `website`, `email`, `is_active`, `is_featured`) VALUES
(1, 'Swope Park', '6600 Swope Pkwy', 1, '39.003600', '-94.535800', '05:00:00', '00:00:00', '2025-06-30 19:37:31', '2025-06-30 19:37:31', NULL, NULL, NULL, NULL, NULL, NULL, NULL, 1, 0),
(2, 'Loose Park', '5200 Wornall Rd', 2, '39.033400', '-94.595300', '05:00:00', '00:00:00', '2025-06-30 19:37:31', '2025-06-30 19:37:31', NULL, NULL, NULL, NULL, NULL, NULL, NULL, 1, 0),
(3, 'Wyandotte County Lake Park', '9100 Leavenworth Rd', 3, '39.141700', '-94.797500', '06:00:00', '22:00:00', '2025-06-30 19:37:31', '2025-06-30 19:37:31', NULL, NULL, NULL, NULL, NULL, NULL, NULL, 1, 0),
(4, 'Penn Valley Park', '2500 Southwest Trfy', 4, '39.073600', '-94.589400', '05:00:00', '00:00:00', '2025-06-30 19:37:31', '2025-06-30 19:37:31', NULL, NULL, NULL, NULL, NULL, NULL, NULL, 1, 0),
(5, 'Mill Creek Park', '47th St & J C Nichols Pkwy', 5, '39.042500', '-94.587800', '05:00:00', '00:00:00', '2025-06-30 19:40:06', '2025-06-30 19:40:06', NULL, NULL, NULL, NULL, NULL, NULL, NULL, 1, 0),
(6, 'Kessler Park', '3000 Cliff Dr', 6, '39.110200', '-94.553100', '05:00:00', '00:00:00', '2025-06-30 19:40:06', '2025-06-30 19:40:06', NULL, NULL, NULL, NULL, NULL, NULL, NULL, 1, 0),
(7, 'Longview Lake Park', '11100 View High Dr', 7, '38.913600', '-94.475600', '05:00:00', '00:00:00', '2025-06-30 19:40:06', '2025-06-30 19:40:06', NULL, NULL, NULL, NULL, NULL, NULL, NULL, 1, 0),
(8, 'Fleming Park', '22807 Woods Chapel Rd', 12, '39.002800', '-94.312500', '05:00:00', '00:00:00', '2025-06-30 19:40:06', '2025-06-30 19:40:06', NULL, NULL, NULL, NULL, NULL, NULL, NULL, 1, 0),
(9, 'Penguin Park', '4125 NE Vivion Rd', 8, '39.184700', '-94.542300', '05:00:00', '00:00:00', '2025-06-30 19:40:06', '2025-06-30 19:40:06', NULL, NULL, NULL, NULL, NULL, NULL, NULL, 1, 0),
(10, 'Antioch Park', '6501 Antioch Rd', 9, '39.009200', '-94.685700', '06:00:00', '22:00:00', '2025-06-30 19:40:06', '2025-06-30 19:40:06', NULL, NULL, NULL, NULL, NULL, NULL, NULL, 1, 0),
(11, 'Sar-Ko-Par Trails Park', '14905 W 87th St', 10, '38.970700', '-94.759800', '06:00:00', '22:00:00', '2025-06-30 19:40:06', '2025-06-30 19:40:06', NULL, NULL, NULL, NULL, NULL, NULL, NULL, 1, 0),
(12, 'Legacy Park', '1201 NE Legacy Park Dr', 11, '38.905100', '-94.349700', '05:00:00', '00:00:00', '2025-06-30 19:40:06', '2025-06-30 19:40:06', NULL, NULL, NULL, NULL, NULL, NULL, NULL, 1, 0),
(13, 'Hidden Valley Park', '4029 Bellaire Ave', 5, '39.055600', '-94.598200', '05:00:00', '00:00:00', '2025-06-30 19:40:06', '2025-06-30 19:40:06', NULL, NULL, NULL, NULL, NULL, NULL, NULL, 1, 0),
(14, 'Gezer Park', '13251 Mission Rd', 13, '38.888500', '-94.628100', '06:00:00', '22:00:00', '2025-06-30 19:40:06', '2025-06-30 19:40:06', NULL, NULL, NULL, NULL, NULL, NULL, NULL, 1, 0),
(15, 'Pierson Park', '1800 S 55th St', 14, '39.126400', '-94.704200', '06:00:00', '22:00:00', '2025-06-30 19:40:06', '2025-06-30 19:40:06', NULL, NULL, NULL, NULL, NULL, NULL, NULL, 1, 0),
(16, 'Tomahawk Creek Park', '11950 S Pflumm Rd', 15, '38.911600', '-94.742100', '06:00:00', '22:00:00', '2025-06-30 19:40:06', '2025-06-30 19:40:06', NULL, NULL, NULL, NULL, NULL, NULL, NULL, 1, 0),
(17, 'Waterfall Park', '4501 NE 47th St', 21, '39.180700', '-94.529800', '05:00:00', '00:00:00', '2025-06-30 19:43:32', '2025-06-30 19:43:32', NULL, NULL, NULL, NULL, NULL, NULL, NULL, 1, 0),
(18, 'Blue Valley Park', '2301 Topping Ave', 36, '39.083300', '-94.516700', '05:00:00', '00:00:00', '2025-06-30 19:43:32', '2025-06-30 19:43:32', NULL, NULL, NULL, NULL, NULL, NULL, NULL, 1, 0),
(19, 'Budd Park', '5600 Budd Park Esplanade', 33, '39.111700', '-94.526700', '05:00:00', '00:00:00', '2025-06-30 19:43:32', '2025-06-30 19:43:32', NULL, NULL, NULL, NULL, NULL, NULL, NULL, 1, 0),
(20, 'Dr. Martin Luther King Jr. Park', '1900 E 51st St', 26, '39.035800', '-94.558900', '05:00:00', '00:00:00', '2025-06-30 19:43:32', '2025-06-30 19:43:32', NULL, NULL, NULL, NULL, NULL, NULL, NULL, 1, 0),
(21, 'Tower Park', '7500 Holmes Rd', 24, '38.991700', '-94.581100', '05:00:00', '00:00:00', '2025-06-30 19:43:32', '2025-06-30 19:43:32', NULL, NULL, NULL, NULL, NULL, NULL, NULL, 1, 0),
(22, 'Parade Park', '1700 John Buck O\'Neil Way', 25, '39.093100', '-94.561400', '05:00:00', '00:00:00', '2025-06-30 19:43:32', '2025-06-30 19:43:32', NULL, NULL, NULL, NULL, NULL, NULL, NULL, 1, 0),
(23, 'Gillham Park', '4100 Gillham Rd', 27, '39.053600', '-94.576900', '05:00:00', '00:00:00', '2025-06-30 19:43:32', '2025-06-30 19:43:32', NULL, NULL, NULL, NULL, NULL, NULL, NULL, 1, 0),
(24, 'Shawnee Mission Park', '7900 Renner Rd', 28, '38.983900', '-94.776900', '06:00:00', '22:00:00', '2025-06-30 19:43:32', '2025-06-30 19:43:32', NULL, NULL, NULL, NULL, NULL, NULL, NULL, 1, 0),
(25, 'Hodge Park', '7000 NE Barry Rd', 39, '39.242800', '-94.503600', '05:00:00', '00:00:00', '2025-06-30 19:43:32', '2025-06-30 19:43:32', NULL, NULL, NULL, NULL, NULL, NULL, NULL, 1, 0),
(26, 'The Grove Park', '1500 Benton Blvd', 25, '39.093900', '-94.548600', '05:00:00', '00:00:00', '2025-06-30 19:43:32', '2025-06-30 19:43:32', NULL, NULL, NULL, NULL, NULL, NULL, NULL, 1, 0),
(27, 'Spring Valley Park', '2700 E 27th St', 35, '39.076400', '-94.548100', '05:00:00', '00:00:00', '2025-06-30 19:43:32', '2025-06-30 19:43:32', NULL, NULL, NULL, NULL, NULL, NULL, NULL, 1, 0),
(28, 'Roanoke Park', '3601 Roanoke Rd', NULL, '39.058600', '-94.598600', '05:00:00', '00:00:00', '2025-06-30 19:43:32', '2025-06-30 19:43:32', NULL, NULL, NULL, NULL, NULL, NULL, NULL, 1, 0),
(29, 'Minor Park', '11100 Holmes Rd', 32, '38.925300', '-94.583900', '05:00:00', '00:00:00', '2025-06-30 19:43:32', '2025-06-30 19:43:32', NULL, NULL, NULL, NULL, NULL, NULL, NULL, 1, 0),
(30, 'Harmon Park', '7700 Mission Rd', 19, '38.987500', '-94.630800', '06:00:00', '22:00:00', '2025-06-30 19:43:32', '2025-06-30 19:43:32', NULL, NULL, NULL, NULL, NULL, NULL, NULL, 1, 0),
(31, 'Hawk\'s Nest Inclusive Park', '701 SW Lee Ann Dr', 17, '38.812500', '-94.468900', '05:00:00', '00:00:00', '2025-06-30 19:43:32', '2025-06-30 19:43:32', NULL, NULL, NULL, NULL, NULL, NULL, NULL, 1, 0),
(32, 'Arno Park', '7400 Arno Rd', 37, '39.001400', '-94.592800', '05:00:00', '00:00:00', '2025-06-30 19:43:32', '2025-06-30 19:43:32', NULL, NULL, NULL, NULL, NULL, NULL, NULL, 1, 0),
(33, 'Lea McKeighan Park', '1501 SW 3rd St', 11, '38.912800', '-94.395600', '05:00:00', '00:00:00', '2025-06-30 19:43:32', '2025-06-30 19:43:32', NULL, NULL, NULL, NULL, NULL, NULL, NULL, 1, 0),
(34, 'Macken Park', '2700 E 32nd Ave', 21, '39.162500', '-94.548900', '05:00:00', '00:00:00', '2025-06-30 19:43:32', '2025-06-30 19:43:32', NULL, NULL, NULL, NULL, NULL, NULL, NULL, 1, 0),
(35, 'English Landing Park', '870 W 2nd St', 39, '39.193600', '-94.685800', '05:00:00', '00:00:00', '2025-06-30 19:43:32', '2025-06-30 19:43:32', NULL, NULL, NULL, NULL, NULL, NULL, NULL, 1, 0),
(36, 'Gum Springs Park', '1100 NE Independence Ave', 38, '38.950300', '-94.353100', '05:00:00', '00:00:00', '2025-06-30 19:43:32', '2025-06-30 19:43:32', NULL, NULL, NULL, NULL, NULL, NULL, NULL, 1, 0),
(37, 'Cedar Lake Park', '15500 S Lone Elm Rd', 20, '38.843600', '-94.833600', '06:00:00', '22:00:00', '2025-06-30 19:43:32', '2025-06-30 19:43:32', NULL, NULL, NULL, NULL, NULL, NULL, NULL, 1, 0),
(38, 'Meadowbrook Park', '9101 Nall Ave', NULL, '38.962800', '-94.649700', '06:00:00', '22:00:00', '2025-06-30 19:43:32', '2025-06-30 19:43:32', NULL, NULL, NULL, NULL, NULL, NULL, NULL, 1, 0),
(39, 'Harmony Park', '3000 Agnes Ave', 35, '39.071900', '-94.551400', '05:00:00', '00:00:00', '2025-06-30 19:43:32', '2025-06-30 19:43:32', NULL, NULL, NULL, NULL, NULL, NULL, NULL, 1, 0),
(40, 'Ashland Square Park', '2300 Elmwood Ave', 34, '39.108600', '-94.533100', '05:00:00', '00:00:00', '2025-06-30 19:43:32', '2025-06-30 19:43:32', NULL, NULL, NULL, NULL, NULL, NULL, NULL, 1, 0),
(41, 'Waterfall Park', '4501 NE 47th St', 21, '39.180700', '-94.529800', '05:00:00', '00:00:00', '2025-06-30 19:45:21', '2025-06-30 19:45:21', NULL, NULL, NULL, NULL, NULL, NULL, NULL, 1, 0),
(42, 'Blue Valley Park', '2301 Topping Ave', 36, '39.083300', '-94.516700', '05:00:00', '00:00:00', '2025-06-30 19:45:21', '2025-06-30 19:45:21', NULL, NULL, NULL, NULL, NULL, NULL, NULL, 1, 0),
(43, 'Budd Park', '5600 Budd Park Esplanade', 33, '39.111700', '-94.526700', '05:00:00', '00:00:00', '2025-06-30 19:45:21', '2025-06-30 19:45:21', NULL, NULL, NULL, NULL, NULL, NULL, NULL, 1, 0),
(44, 'Dr. Martin Luther King Jr. Park', '1900 E 51st St', 26, '39.035800', '-94.558900', '05:00:00', '00:00:00', '2025-06-30 19:45:21', '2025-06-30 19:45:21', NULL, NULL, NULL, NULL, NULL, NULL, NULL, 1, 0),
(45, 'Tower Park', '7500 Holmes Rd', 24, '38.991700', '-94.581100', '05:00:00', '00:00:00', '2025-06-30 19:45:21', '2025-06-30 19:45:21', NULL, NULL, NULL, NULL, NULL, NULL, NULL, 1, 0),
(46, 'Parade Park', '1700 John Buck O\'Neil Way', 25, '39.093100', '-94.561400', '05:00:00', '00:00:00', '2025-06-30 19:45:21', '2025-06-30 19:45:21', NULL, NULL, NULL, NULL, NULL, NULL, NULL, 1, 0),
(47, 'Gillham Park', '4100 Gillham Rd', 27, '39.053600', '-94.576900', '05:00:00', '00:00:00', '2025-06-30 19:45:21', '2025-06-30 19:45:21', NULL, NULL, NULL, NULL, NULL, NULL, NULL, 1, 0),
(48, 'Shawnee Mission Park', '7900 Renner Rd', 28, '38.983900', '-94.776900', '06:00:00', '22:00:00', '2025-06-30 19:45:21', '2025-06-30 19:45:21', NULL, NULL, NULL, NULL, NULL, NULL, NULL, 1, 0),
(49, 'Hodge Park', '7000 NE Barry Rd', 39, '39.242800', '-94.503600', '05:00:00', '00:00:00', '2025-06-30 19:45:21', '2025-06-30 19:45:21', NULL, NULL, NULL, NULL, NULL, NULL, NULL, 1, 0),
(50, 'The Grove Park', '1500 Benton Blvd', 25, '39.093900', '-94.548600', '05:00:00', '00:00:00', '2025-06-30 19:45:21', '2025-06-30 19:45:21', NULL, NULL, NULL, NULL, NULL, NULL, NULL, 1, 0),
(51, 'Spring Valley Park', '2700 E 27th St', 35, '39.076400', '-94.548100', '05:00:00', '00:00:00', '2025-06-30 19:45:21', '2025-06-30 19:45:21', NULL, NULL, NULL, NULL, NULL, NULL, NULL, 1, 0),
(52, 'Roanoke Park', '3601 Roanoke Rd', NULL, '39.058600', '-94.598600', '05:00:00', '00:00:00', '2025-06-30 19:45:21', '2025-06-30 19:45:21', NULL, NULL, NULL, NULL, NULL, NULL, NULL, 1, 0),
(53, 'Minor Park', '11100 Holmes Rd', 32, '38.925300', '-94.583900', '05:00:00', '00:00:00', '2025-06-30 19:45:21', '2025-06-30 19:45:21', NULL, NULL, NULL, NULL, NULL, NULL, NULL, 1, 0),
(54, 'Harmon Park', '7700 Mission Rd', 19, '38.987500', '-94.630800', '06:00:00', '22:00:00', '2025-06-30 19:45:21', '2025-06-30 19:45:21', NULL, NULL, NULL, NULL, NULL, NULL, NULL, 1, 0),
(55, 'Hawk\'s Nest Inclusive Park', '701 SW Lee Ann Dr', 17, '38.812500', '-94.468900', '05:00:00', '00:00:00', '2025-06-30 19:45:21', '2025-06-30 19:45:21', NULL, NULL, NULL, NULL, NULL, NULL, NULL, 1, 0),
(56, 'Arno Park', '7400 Arno Rd', 37, '39.001400', '-94.592800', '05:00:00', '00:00:00', '2025-06-30 19:45:21', '2025-06-30 19:45:21', NULL, NULL, NULL, NULL, NULL, NULL, NULL, 1, 0),
(57, 'Lea McKeighan Park', '1501 SW 3rd St', 11, '38.912800', '-94.395600', '05:00:00', '00:00:00', '2025-06-30 19:45:21', '2025-06-30 19:45:21', NULL, NULL, NULL, NULL, NULL, NULL, NULL, 1, 0),
(58, 'Macken Park', '2700 E 32nd Ave', 21, '39.162500', '-94.548900', '05:00:00', '00:00:00', '2025-06-30 19:45:21', '2025-06-30 19:45:21', NULL, NULL, NULL, NULL, NULL, NULL, NULL, 1, 0),
(59, 'English Landing Park', '870 W 2nd St', 39, '39.193600', '-94.685800', '05:00:00', '00:00:00', '2025-06-30 19:45:21', '2025-06-30 19:45:21', NULL, NULL, NULL, NULL, NULL, NULL, NULL, 1, 0),
(60, 'Gum Springs Park', '1100 NE Independence Ave', 38, '38.950300', '-94.353100', '05:00:00', '00:00:00', '2025-06-30 19:45:21', '2025-06-30 19:45:21', NULL, NULL, NULL, NULL, NULL, NULL, NULL, 1, 0),
(61, 'Cedar Lake Park', '15500 S Lone Elm Rd', 20, '38.843600', '-94.833600', '06:00:00', '22:00:00', '2025-06-30 19:45:21', '2025-06-30 19:45:21', NULL, NULL, NULL, NULL, NULL, NULL, NULL, 1, 0),
(62, 'Meadowbrook Park', '9101 Nall Ave', NULL, '38.962800', '-94.649700', '06:00:00', '22:00:00', '2025-06-30 19:45:21', '2025-06-30 19:45:21', NULL, NULL, NULL, NULL, NULL, NULL, NULL, 1, 0),
(63, 'Harmony Park', '3000 Agnes Ave', 35, '39.071900', '-94.551400', '05:00:00', '00:00:00', '2025-06-30 19:45:21', '2025-06-30 19:45:21', NULL, NULL, NULL, NULL, NULL, NULL, NULL, 1, 0),
(64, 'Ashland Square Park', '2300 Elmwood Ave', 34, '39.108600', '-94.533100', '05:00:00', '00:00:00', '2025-06-30 19:45:21', '2025-06-30 19:45:21', NULL, NULL, NULL, NULL, NULL, NULL, NULL, 1, 0),
(65, 'Indian Creek Greenway', '10300 Indian Creek Pkwy', 64, '38.941200', '-94.702100', '06:00:00', '22:00:00', '2025-07-01 03:06:55', '2025-07-01 03:06:55', NULL, NULL, NULL, NULL, NULL, NULL, NULL, 1, 0),
(66, 'Sapling Grove Park', '8210 W 83rd St', 71, '38.978300', '-94.681400', '06:00:00', '22:00:00', '2025-07-01 03:06:55', '2025-07-01 03:06:55', NULL, NULL, NULL, NULL, NULL, NULL, NULL, 1, 0),
(67, 'Black Hoof Park', '9053 Monticello Rd', 65, '38.963700', '-94.840300', '06:00:00', '22:00:00', '2025-07-01 03:06:55', '2025-07-01 03:06:55', NULL, NULL, NULL, NULL, NULL, NULL, NULL, 1, 0),
(68, 'Stump Park', '4751 Woodland Dr', 66, '39.040200', '-94.695600', '06:00:00', '22:00:00', '2025-07-01 03:06:55', '2025-07-01 03:06:55', NULL, NULL, NULL, NULL, NULL, NULL, NULL, 1, 0),
(69, 'Santa Fe Trail Park', '2900 Nall Ave', 19, '38.973100', '-94.649800', '06:00:00', '22:00:00', '2025-07-01 03:06:55', '2025-07-01 03:06:55', NULL, NULL, NULL, NULL, NULL, NULL, NULL, 1, 0),
(70, 'Ironwoods Park', '14701 Mission Rd', 68, '38.863400', '-94.628900', '06:00:00', '22:00:00', '2025-07-01 03:06:55', '2025-07-01 03:06:55', NULL, NULL, NULL, NULL, NULL, NULL, NULL, 1, 0),
(71, 'Klamm Park', '2701 N 10th St', 69, '39.110800', '-94.632700', '06:00:00', '22:00:00', '2025-07-01 03:06:55', '2025-07-01 03:06:55', NULL, NULL, NULL, NULL, NULL, NULL, NULL, 1, 0),
(72, 'Heritage Park', '16050 Pflumm Rd', 70, '38.835600', '-94.744200', '06:00:00', '22:00:00', '2025-07-01 03:06:55', '2025-07-01 03:06:55', NULL, NULL, NULL, NULL, NULL, NULL, NULL, 1, 0),
(73, 'Bluejacket Park', '10150 Halsey St', 10, '38.945200', '-94.733100', '06:00:00', '22:00:00', '2025-07-01 03:06:55', '2025-07-01 03:06:55', NULL, NULL, NULL, NULL, NULL, NULL, NULL, 1, 0),
(74, 'Quail Creek Park', '7024 W 71st St', 71, '38.999700', '-94.667800', '06:00:00', '22:00:00', '2025-07-01 03:06:55', '2025-07-01 03:06:55', NULL, NULL, NULL, NULL, NULL, NULL, NULL, 1, 0),
(75, 'Franklin Park', '5101 W 67th St', 19, '39.006400', '-94.642300', '06:00:00', '22:00:00', '2025-07-01 03:06:55', '2025-07-01 03:06:55', NULL, NULL, NULL, NULL, NULL, NULL, NULL, 1, 0),
(76, 'City Park', '2008 N 5th St', 69, '39.123400', '-94.627100', '06:00:00', '22:00:00', '2025-07-01 03:06:55', '2025-07-01 03:06:55', NULL, NULL, NULL, NULL, NULL, NULL, NULL, 1, 0),
(77, 'Two Rivers Park', '8801 W 79th St', 65, '38.982700', '-94.789300', '06:00:00', '22:00:00', '2025-07-01 03:06:55', '2025-07-01 03:06:55', NULL, NULL, NULL, NULL, NULL, NULL, NULL, 1, 0),
(78, 'I-Lan Park', '12600 W 130th St', 68, '38.892300', '-94.632500', '06:00:00', '22:00:00', '2025-07-01 03:06:55', '2025-07-01 03:06:55', NULL, NULL, NULL, NULL, NULL, NULL, NULL, 1, 0),
(79, 'Swarner Park', '6300 W 87th St', 64, '38.972100', '-94.657800', '06:00:00', '22:00:00', '2025-07-01 03:06:55', '2025-07-01 03:06:55', NULL, NULL, NULL, NULL, NULL, NULL, NULL, 1, 0),
(80, 'Mahaffie Stagecoach Stop & Farm', '1200 E Kansas City Rd', 20, '38.898700', '-94.803200', '06:00:00', '22:00:00', '2025-07-01 03:06:55', '2025-07-01 03:06:55', NULL, NULL, NULL, NULL, NULL, NULL, NULL, 1, 0),
(81, 'Emerson Park', '1100 S Ridgeview Rd', 20, '38.867500', '-94.797800', '06:00:00', '22:00:00', '2025-07-01 03:06:55', '2025-07-01 03:06:55', NULL, NULL, NULL, NULL, NULL, NULL, NULL, 1, 0),
(82, 'Listowel Park', '1017 N 24th St', 69, '39.104200', '-94.652300', '06:00:00', '22:00:00', '2025-07-01 03:06:55', '2025-07-01 03:06:55', NULL, NULL, NULL, NULL, NULL, NULL, NULL, 1, 0),
(83, 'Porter Park', '3700 W 77th St', 19, '38.987600', '-94.628400', '06:00:00', '22:00:00', '2025-07-01 03:06:55', '2025-07-01 03:06:55', NULL, NULL, NULL, NULL, NULL, NULL, NULL, 1, 0),
(84, 'Oak Hill Park', '14700 W 79th St', 65, '38.984200', '-94.756700', '06:00:00', '22:00:00', '2025-07-01 03:06:55', '2025-07-01 03:06:55', NULL, NULL, NULL, NULL, NULL, NULL, NULL, 1, 0),
(85, 'Jacob L. Loose Park', '5100 Wornall Rd', 2, '39.033400', '-94.595300', '05:00:00', '00:00:00', '2025-07-01 03:06:55', '2025-07-01 03:06:55', NULL, NULL, NULL, NULL, NULL, NULL, NULL, 1, 0),
(86, 'Brookside Park', '5600 Brookside Blvd', 37, '39.025100', '-94.586700', '05:00:00', '00:00:00', '2025-07-01 03:06:55', '2025-07-01 03:06:55', NULL, NULL, NULL, NULL, NULL, NULL, NULL, 1, 0),
(87, 'Sunnyside Park', '8200 E 83rd St', 24, '38.975600', '-94.578900', '05:00:00', '00:00:00', '2025-07-01 03:06:55', '2025-07-01 03:06:55', NULL, NULL, NULL, NULL, NULL, NULL, NULL, 1, 0),
(88, 'Waterwell Park', '6000 E 117th St', 7, '38.910300', '-94.523400', '05:00:00', '00:00:00', '2025-07-01 03:06:55', '2025-07-01 03:06:55', NULL, NULL, NULL, NULL, NULL, NULL, NULL, 1, 0),
(89, 'Park Forest Park', '7500 E 107th St', 7, '38.933100', '-94.495200', '05:00:00', '00:00:00', '2025-07-01 03:06:55', '2025-07-01 03:06:55', NULL, NULL, NULL, NULL, NULL, NULL, NULL, 1, 0),
(90, 'Little Blue Valley Park', '8259 S Raytown Rd', NULL, '38.975800', '-94.463200', '05:00:00', '00:00:00', '2025-07-01 03:06:55', '2025-07-01 03:06:55', NULL, NULL, NULL, NULL, NULL, NULL, NULL, 1, 0),
(91, 'Happy Rock Park', '7600 NE Antioch Rd', 23, '39.233400', '-94.548700', '05:00:00', '00:00:00', '2025-07-01 03:06:55', '2025-07-01 03:06:55', NULL, NULL, NULL, NULL, NULL, NULL, NULL, 1, 0),
(92, 'George Owens Nature Park', '1601 S Speck Rd', 74, '39.081700', '-94.342100', '05:00:00', '00:00:00', '2025-07-01 03:06:55', '2025-07-01 03:06:55', NULL, NULL, NULL, NULL, NULL, NULL, NULL, 1, 0),
(93, 'Line Creek Park', '5900 NW Waukomis Dr', NULL, '39.201400', '-94.614200', '05:00:00', '00:00:00', '2025-07-01 03:06:55', '2025-07-01 03:06:55', NULL, NULL, NULL, NULL, NULL, NULL, NULL, 1, 0),
(94, 'Lakewood Greenway', '900 NE Lakewood Blvd', 38, '38.997300', '-94.368900', '05:00:00', '00:00:00', '2025-07-01 03:06:55', '2025-07-01 03:06:55', NULL, NULL, NULL, NULL, NULL, NULL, NULL, 1, 0),
(145, 'Burcham Park', '200 Indiana St', 91, '38.975800', '-95.229200', '06:00:00', '22:00:00', '2025-07-01 05:41:46', '2025-07-01 05:41:46', 1, 'A scenic park along the Kansas River with trails and picnic areas.', NULL, NULL, '785-832-3450', 'https://lawrenceks.org/lprd/parks/burchampark/', NULL, 1, 0),
(146, 'Clinton Lake State Park', '798 N 1415 Rd', 91, '38.921700', '-95.372500', '06:00:00', '22:00:00', '2025-07-01 05:41:46', '2025-07-01 05:41:46', 2, 'A state park offering camping, hiking, and water recreation on Clinton Lake.', NULL, NULL, '785-842-8562', 'https://ksoutdoors.com/State-Parks/Locations/Clinton', NULL, 1, 0),
(147, 'Watkins Mill State Park', '26600 Park Rd N', 92, '39.404300', '-94.260300', '06:00:00', '22:00:00', '2025-07-01 05:41:46', '2025-07-01 05:41:46', 2, 'A historic state park with a 19th-century woolen mill, camping, and trails.', NULL, NULL, '816-580-3381', 'https://mostateparks.com/park/watkins-mill-state-park', NULL, 1, 0),
(148, 'Weston Bend State Park', '16600 MO-45', 93, '39.394400', '-94.896300', '06:00:00', '22:00:00', '2025-07-01 05:41:46', '2025-07-01 05:41:46', 2, 'A state park along the Missouri River with hiking trails and scenic overlooks.', NULL, NULL, '816-640-5440', 'https://mostateparks.com/park/weston-bend-state-park', NULL, 1, 0),
(149, 'Knob Noster State Park', '873 SE 10 Rd', 94, '38.756200', '-93.569400', '06:00:00', '22:00:00', '2025-07-01 05:41:46', '2025-07-01 05:41:46', 2, 'A state park with hiking, camping, and diverse ecosystems near Whiteman AFB.', NULL, NULL, '660-563-2463', 'https://mostateparks.com/park/knob-noster-state-park', NULL, 1, 0),
(150, 'South Park', '1141 Massachusetts St', 95, '38.962100', '-95.236200', '06:00:00', '22:00:00', '2025-07-01 05:44:41', '2025-07-01 05:44:41', 1, 'A historic park in downtown Lawrence with a gazebo, playground, and community events.', NULL, NULL, '785-832-3450', 'https://lawrenceks.org/lprd/parks/southpark/', NULL, 1, 0),
(151, 'El Dorado State Park', '618 NE Bluestem Rd', 96, '37.863900', '-96.781400', '06:00:00', '22:00:00', '2025-07-01 05:44:41', '2025-07-01 05:44:41', 2, 'A large state park with camping, boating, and trails around El Dorado Lake.', NULL, NULL, '316-321-7180', 'https://ksoutdoors.com/State-Parks/Locations/El-Dorado', NULL, 1, 0),
(152, 'Crowder State Park', '76 MO-128', 97, '40.092500', '-93.663100', '06:00:00', '22:00:00', '2025-07-01 05:44:41', '2025-07-01 05:44:41', 2, 'A state park with hiking, camping, and a lake for fishing and canoeing.', NULL, NULL, '660-359-7400', 'https://mostateparks.com/park/crowder-state-park', NULL, 1, 0),
(153, 'Thousand Hills State Park', '20431 MO-157', 98, '40.153200', '-92.628300', '06:00:00', '22:00:00', '2025-07-01 05:44:41', '2025-07-01 05:44:41', 2, 'A state park with a lake, marina, and trails, known for Native American petroglyphs.', NULL, NULL, '660-665-7119', 'https://mostateparks.com/park/thousand-hills-state-park', NULL, 1, 0),
(154, 'Swope Memorial Park', '1000 E Meyer Blvd', 74, '39.062800', '-94.523900', '05:00:00', '23:00:00', '2025-07-01 05:44:41', '2025-07-01 05:44:41', 1, 'A city park with a playground, trails, and scenic views in Independence.', NULL, NULL, '816-325-7115', 'https://www.ci.independence.mo.us/ParksandRec/ParkDetail/25', NULL, 1, 0),
(155, 'Buford M. Watson Jr. Park', '727 Kentucky St', 95, '38.970600', '-95.236800', '06:00:00', '22:00:00', '2025-07-01 06:08:53', '2025-07-01 06:08:53', 1, 'A downtown Lawrence park with a playground, picnic areas, and a historic gazebo.', NULL, NULL, '785-832-3450', 'https://lawrenceks.org/lprd/parks/bufordwatsonpark/', NULL, 1, 0),
(156, 'Kanopolis State Park', '200 Horsethief Rd', 100, '38.611400', '-97.975200', '06:00:00', '22:00:00', '2025-07-01 06:08:53', '2025-07-01 06:08:53', 2, 'A state park with hiking, horseback riding, and water activities on Kanopolis Lake.', NULL, NULL, '785-546-2565', 'https://ksoutdoors.com/State-Parks/Locations/Kanopolis', NULL, 1, 0),
(157, 'Cheney State Park', '16000 NE 50th St', 101, '37.724100', '-97.779800', '06:00:00', '22:00:00', '2025-07-01 06:08:53', '2025-07-01 06:08:53', 2, 'A state park offering camping, fishing, and boating on Cheney Reservoir.', NULL, NULL, '316-542-3664', 'https://ksoutdoors.com/State-Parks/Locations/Cheney', NULL, 1, 0),
(158, 'Lewis and Clark Interpretive Pavilion', '100 Main St', 102, '39.849200', '-95.146700', '08:00:00', '17:00:00', '2025-07-01 06:08:53', '2025-07-01 06:08:53', 1, 'A historic site commemorating the Lewis and Clark expedition with an open-air pavilion.', NULL, NULL, '785-595-3204', 'https://www.nps.gov/lecl/planyourvisit/lewis-and-clark-interpretive-pavilion.htm', NULL, 1, 0),
(159, 'Finger Lakes State Park', '1505 E Peabody Rd', 103, '39.094700', '-92.318600', '06:00:00', '22:00:00', '2025-07-01 06:08:53', '2025-07-01 06:08:53', 2, 'A state park with off-road vehicle trails, lakes for fishing, and camping.', NULL, NULL, '573-443-5315', 'https://mostateparks.com/park/finger-lakes-state-park', NULL, 1, 0),
(160, 'Lake of the Ozarks State Park', '403 MO-134', 104, '38.103400', '-92.666100', '06:00:00', '22:00:00', '2025-07-01 06:08:53', '2025-07-01 06:08:53', 2, 'Missouri’s largest state park with boating, hiking, and cave tours.', NULL, NULL, '573-348-2694', 'https://mostateparks.com/park/lake-ozarks-state-park', NULL, 1, 0),
(161, 'Wallace State Park', '10621 NE Hwy 121', 105, '39.660300', '-94.216800', '06:00:00', '22:00:00', '2025-07-01 06:08:53', '2025-07-01 06:08:53', 2, 'A family-friendly park with camping, fishing, and hiking trails.', NULL, NULL, '816-632-3745', 'https://mostateparks.com/park/wallace-state-park', NULL, 1, 0),
(162, 'McBaine Park', '2601 S Sterling Ave', 74, '39.069800', '-94.466700', '05:00:00', '23:00:00', '2025-07-01 06:08:53', '2025-07-01 06:08:53', 1, 'A neighborhood park in Independence with a playground and picnic facilities.', NULL, NULL, '816-325-7115', 'https://www.ci.independence.mo.us/ParksandRec/ParkDetail/14', NULL, 1, 0),
(163, 'Lyons Park', '700 N Iowa St', 95, '38.977200', '-95.250300', '06:00:00', '22:00:00', '2025-07-01 06:14:04', '2025-07-01 06:14:04', 1, 'A neighborhood park in Lawrence with a playground, sports facilities, and picnic areas.', NULL, NULL, '785-832-3450', 'https://lawrenceks.org/lprd/parks/lyonspark/', NULL, 1, 0),
(164, 'Fall River State Park', '144 Hwy 105', 108, '37.663500', '-96.090200', '06:00:00', '22:00:00', '2025-07-01 06:14:04', '2025-07-01 06:14:04', 2, 'A state park with camping, hiking, and water recreation on Fall River Lake.', NULL, NULL, '620-637-2213', 'https://ksoutdoors.com/State-Parks/Locations/Fall-River', NULL, 1, 0),
(165, 'Perry State Park', '5441 Westlake Rd', 109, '39.146800', '-95.492600', '06:00:00', '22:00:00', '2025-07-01 06:14:04', '2025-07-01 06:14:04', 2, 'A state park offering camping, hiking, and boating on Perry Lake.', NULL, NULL, '785-246-3449', 'https://ksoutdoors.com/State-Parks/Locations/Perry', NULL, 1, 0),
(166, 'Fort Larned National Historic Site', '1767 KS Hwy 156', 110, '38.183900', '-99.218300', '08:30:00', '16:30:00', '2025-07-01 06:14:04', '2025-07-01 06:14:04', 3, 'A preserved military post protecting the Santa Fe Trail, with historic buildings and interpretive programs.', NULL, NULL, '620-285-6911', 'https://www.nps.gov/fols/index.htm', NULL, 1, 0),
(167, 'Pershing State Park', '29277 Hwy 130', 111, '39.767200', '-93.622900', '06:00:00', '22:00:00', '2025-07-01 06:14:04', '2025-07-01 06:14:04', 2, 'A state park with wetlands, hiking trails, and camping opportunities.', NULL, NULL, '660-963-2299', 'https://mostateparks.com/park/pershing-state-park', NULL, 1, 0),
(168, 'St. Joe State Park', '2800 Pimville Rd', 112, '37.808600', '-90.516900', '06:00:00', '22:00:00', '2025-07-01 06:14:04', '2025-07-01 06:14:04', 2, 'A state park with off-road vehicle trails, camping, and lake recreation.', NULL, NULL, '573-431-1069', 'https://mostateparks.com/park/st-joe-state-park', NULL, 1, 0),
(169, 'Graham Cave State Park', '217 Hwy TT', 113, '38.904700', '-91.577800', '06:00:00', '22:00:00', '2025-07-01 06:14:04', '2025-07-01 06:14:04', 2, 'A state park featuring a historic cave and hiking trails.', NULL, NULL, '573-564-3476', 'https://mostateparks.com/park/graham-cave-state-park', NULL, 1, 0),
(170, 'Indian Cave State Park', '65296 720 Rd', 114, '40.263100', '-95.577400', '06:00:00', '22:00:00', '2025-07-01 06:14:04', '2025-07-01 06:14:04', 2, 'A state park with hiking trails, camping, and scenic views along the Missouri River.', NULL, NULL, '402-883-2575', 'https://outdoornebraska.gov/locations/indian-cave-state-park/', NULL, 1, 0),
(171, 'Robbers Cave State Park', '4628 OK-2', 115, '34.974600', '-95.675900', '06:00:00', '22:00:00', '2025-07-01 06:14:04', '2025-07-01 06:14:04', 2, 'A state park with caves, hiking trails, and camping in the Sans Bois Mountains.', NULL, NULL, '918-465-2562', 'https://www.travelok.com/state-parks/robbers-cave-state-park', NULL, 1, 0),
(172, 'Natural Falls State Park', '19225 E 578 Rd', 116, '36.173300', '-94.668400', '06:00:00', '22:00:00', '2025-07-01 06:14:04', '2025-07-01 06:14:04', 2, 'A state park featuring a 77-foot waterfall, hiking trails, and camping.', NULL, NULL, '918-422-5802', 'https://www.travelok.com/state-parks/natural-falls-state-park', NULL, 1, 0),
(173, 'Clinton Park', '901 E 5th St', 95, '38.974100', '-95.225600', '06:00:00', '22:00:00', '2025-07-01 06:24:53', '2025-07-01 06:24:53', 1, 'A neighborhood park in east Lawrence with a playground and open spaces.', NULL, NULL, '785-832-3450', 'https://lawrenceks.org/lprd/parks/clintonpark/', NULL, 1, 0),
(174, 'Holcom Park', '2700 W 27th St', 91, '38.939800', '-95.267800', '06:00:00', '22:00:00', '2025-07-01 06:24:53', '2025-07-01 06:24:53', 1, 'A community park in Lawrence with sports facilities, a playground, and recreation center.', NULL, NULL, '785-832-3450', 'https://lawrenceks.org/lprd/parks/holcompark/', NULL, 1, 0),
(175, 'Broken Arrow Park', '2800 Louisiana St', 118, '38.933200', '-95.242900', '06:00:00', '22:00:00', '2025-07-01 06:24:53', '2025-07-01 06:24:53', 1, 'A park in south Lawrence with baseball fields, a playground, and picnic areas.', NULL, NULL, '785-832-3450', 'https://lawrenceks.org/lprd/parks/brokenarrowpark/', NULL, 1, 0),
(176, 'Riverfront Park', '1000 N 2nd St', 95, '38.984500', '-95.232400', '06:00:00', '22:00:00', '2025-07-01 06:24:53', '2025-07-01 06:24:53', 1, 'A scenic park along the Kansas River with trails and open spaces.', NULL, NULL, '785-832-3450', 'https://lawrenceks.org/lprd/parks/riverfrontpark/', NULL, 1, 0),
(177, 'Hobbs Park', '702 E 11th St', 95, '38.965300', '-95.226700', '06:00:00', '22:00:00', '2025-07-01 06:24:53', '2025-07-01 06:24:53', 1, 'A historic park in east Lawrence with a playground and baseball fields.', NULL, NULL, '785-832-3450', 'https://lawrenceks.org/lprd/parks/hobbspark/', NULL, 1, 0),
(178, 'Constant Park', '5235 Clinton Pkwy', 91, '38.941200', '-95.315300', '06:00:00', '22:00:00', '2025-07-01 17:43:48', '2025-07-01 17:43:48', 1, 'A community park in west Lawrence with sports fields and open spaces.', NULL, NULL, '785-832-3450', 'https://lawrenceks.org/lprd/parks/constantpark/', NULL, 1, 0),
(179, 'Holcom Sports Complex', '2700 W 27th St', 91, '38.939800', '-95.267800', '06:00:00', '22:00:00', '2025-07-01 17:43:48', '2025-07-01 17:43:48', 6, 'A sports complex in Lawrence with multiple baseball fields and recreational facilities.', NULL, NULL, '785-832-3450', 'https://lawrenceks.org/lprd/facilities/holcomsportscomplex/', NULL, 1, 0),
(180, 'Lawrence Nature Park', '1800 Folks Rd', 118, '38.943500', '-95.211200', '06:00:00', '22:00:00', '2025-07-01 17:43:48', '2025-07-01 17:43:48', 1, 'A natural park in southeast Lawrence with trails and green spaces.', NULL, NULL, '785-832-3450', 'https://lawrenceks.org/lprd/parks/lawrencenaturepark/', NULL, 1, 0),
(181, 'Peterson Park', '2000 Peterson Rd', 119, '38.954700', '-95.301400', '06:00:00', '22:00:00', '2025-07-01 17:43:48', '2025-07-01 17:43:48', 1, 'A neighborhood park in west Lawrence with a playground and open areas.', NULL, NULL, '785-832-3450', 'https://lawrenceks.org/lprd/parks/petersonpark/', NULL, 1, 0),
(182, 'Robinson Park', '727 New Hampshire St', 95, '38.970900', '-95.235100', '06:00:00', '22:00:00', '2025-07-01 17:43:48', '2025-07-01 17:43:48', 1, 'A small park in downtown Lawrence with picnic areas and green spaces.', NULL, NULL, '785-832-3450', 'https://lawrenceks.org/lprd/parks/robinsonpark/', NULL, 1, 0),
(183, 'Watson Park', '727 Kentucky St', 95, '38.970600', '-95.236800', '06:00:00', '22:00:00', '2025-07-01 17:43:48', '2025-07-01 17:43:48', 1, 'A historic park in downtown Lawrence with a gazebo and picnic areas, distinct from Buford M. Watson Jr. Park.', NULL, NULL, '785-832-3450', 'https://lawrenceks.org/lprd/parks/watsonpark/', NULL, 1, 0),
(184, 'VFW Park', '138 Alabama St', 95, '38.979200', '-95.241300', '06:00:00', '22:00:00', '2025-07-01 17:43:48', '2025-07-01 17:43:48', 1, 'A neighborhood park in north Lawrence with a playground and open spaces.', NULL, NULL, '785-832-3450', 'https://lawrenceks.org/lprd/parks/vfwpark/', NULL, 1, 0),
(185, 'Ludlam Park', '1000 Ohio St', 95, '38.968400', '-95.238900', '06:00:00', '22:00:00', '2025-07-01 17:43:48', '2025-07-01 17:43:48', 1, 'A small park in downtown Lawrence with green spaces and picnic areas.', NULL, NULL, '785-832-3450', 'https://lawrenceks.org/lprd/parks/ludlampark/', NULL, 1, 0),
(186, 'Brook Creek Park', '1400 Brook St', 95, '38.951600', '-95.216700', '06:00:00', '22:00:00', '2025-07-01 17:43:48', '2025-07-01 17:43:48', 1, 'A park in east Lawrence with trails and community spaces.', NULL, NULL, '785-832-3450', 'https://lawrenceks.org/lprd/parks/brookcreekpark/', NULL, 1, 0),
(187, 'DeVictor Park', '3001 Haskell Ave', 118, '38.930400', '-95.216500', '06:00:00', '22:00:00', '2025-07-01 17:43:48', '2025-07-01 17:43:48', 1, 'A park in southeast Lawrence with a playground and recreational facilities.', NULL, NULL, '785-832-3450', 'https://lawrenceks.org/lprd/parks/devictorpark/', NULL, 1, 0),
(188, 'Cedar Bluff State Park', '32001 147 Hwy', 124, '38.805600', '-99.747200', '06:00:00', '22:00:00', '2025-07-01 17:49:29', '2025-07-01 17:49:29', 2, 'A state park with camping, hiking, and water activities on Cedar Bluff Reservoir.', NULL, NULL, '785-726-3212', 'https://ksoutdoors.com/State-Parks/Locations/Cedar-Bluff', NULL, 1, 0),
(189, 'Crawford State Park', '1 Lake Rd', 125, '37.639700', '-94.811300', '06:00:00', '22:00:00', '2025-07-01 17:49:29', '2025-07-01 17:49:29', 2, 'A state park with camping, fishing, and trails around Crawford Lake.', NULL, NULL, '620-362-3671', 'https://ksoutdoors.com/State-Parks/Locations/Crawford', NULL, 1, 0),
(190, 'Cross Timbers State Park', '144 Hwy 105', 108, '37.663500', '-96.090200', '06:00:00', '22:00:00', '2025-07-01 17:49:29', '2025-07-01 17:49:29', 2, 'A state park with wooded trails, camping, and water recreation on Toronto Lake.', NULL, NULL, '620-637-2213', 'https://ksoutdoors.com/State-Parks/Locations/Cross-Timbers', NULL, 1, 0),
(191, 'Eisenhower State Park', '29810 S Fairlawn Rd', 126, '38.514200', '-95.736600', '06:00:00', '22:00:00', '2025-07-01 17:49:29', '2025-07-01 17:49:29', 2, 'A state park with camping, horseback riding, and boating on Melvern Lake.', NULL, NULL, '785-528-4102', 'https://ksoutdoors.com/State-Parks/Locations/Eisenhower', NULL, 1, 0),
(192, 'Glen Elder State Park', '2131 180 Rd', 129, '39.497600', '-98.316300', '06:00:00', '22:00:00', '2025-07-01 17:49:29', '2025-07-01 17:49:29', 2, 'A state park with camping, fishing, and trails on Waconda Lake.', NULL, NULL, '785-545-3345', 'https://ksoutdoors.com/State-Parks/Locations/Glen-Elder', NULL, 1, 0),
(193, 'Historic Lake Scott State Park', '101 W Scott Lake Dr', 128, '38.678200', '-100.916700', '06:00:00', '22:00:00', '2025-07-01 17:49:29', '2025-07-01 17:49:29', 2, 'A historic park with camping, hiking, and historic sites on Lake Scott.', NULL, NULL, '620-872-2061', 'https://ksoutdoors.com/State-Parks/Locations/Historic-Lake-Scott', NULL, 1, 0),
(194, 'Lovewell State Park', '2446 250 Rd', 129, '39.897800', '-98.047100', '06:00:00', '22:00:00', '2025-07-01 17:49:29', '2025-07-01 17:49:29', 2, 'A state park with camping, fishing, and disc golf on Lovewell Reservoir.', NULL, NULL, '785-753-4971', 'https://ksoutdoors.com/State-Parks/Locations/Lovewell', NULL, 1, 0),
(195, 'Milford State Park', '3612 State Park Rd', 130, '39.153400', '-96.913300', '06:00:00', '22:00:00', '2025-07-01 17:49:29', '2025-07-01 17:49:29', 2, 'A state park with camping, boating, and trails on Milford Lake.', NULL, NULL, '785-238-3014', 'https://ksoutdoors.com/State-Parks/Locations/Milford', NULL, 1, 0),
(196, 'Pomona State Park', '22900 S Hwy 368', 131, '38.664600', '-95.573100', '06:00:00', '22:00:00', '2025-07-01 17:49:29', '2025-07-01 17:49:29', 2, 'A state park with camping, fishing, and water recreation on Pomona Lake.', NULL, NULL, '785-828-4933', 'https://ksoutdoors.com/State-Parks/Locations/Pomona', NULL, 1, 0),
(197, 'Prairie Dog State Park', '13037 State Hwy 261', 132, '39.803400', '-99.957200', '06:00:00', '22:00:00', '2025-07-01 17:49:29', '2025-07-01 17:49:29', 2, 'A state park with camping, fishing, and historic sites on Prairie Dog Creek.', NULL, NULL, '785-877-2953', 'https://ksoutdoors.com/State-Parks/Locations/Prairie-Dog', NULL, 1, 0),
(198, 'Tuttle Creek State Park', '5020 Tuttle Creek Blvd', 133, '39.257800', '-96.591900', '06:00:00', '22:00:00', '2025-07-01 17:49:29', '2025-07-01 17:49:29', 2, 'A state park with camping, hiking, and water activities on Tuttle Creek Lake.', NULL, NULL, '785-539-7941', 'https://ksoutdoors.com/State-Parks/Locations/Tuttle-Creek', NULL, 1, 0),
(199, 'Webster State Park', '1140 10 Rd', 134, '39.406600', '-99.430800', '06:00:00', '22:00:00', '2025-07-01 17:49:29', '2025-07-01 17:49:29', 2, 'A state park with camping, boating, and trails on Webster Reservoir.', NULL, NULL, '785-425-6772', 'https://ksoutdoors.com/State-Parks/Locations/Webster', NULL, 1, 0),
(200, 'Wilson State Park', '3 State Park Rd', 135, '38.925600', '-98.560400', '06:00:00', '22:00:00', '2025-07-01 17:49:29', '2025-07-01 17:49:29', 2, 'A state park with camping, fishing, and trails on Wilson Lake, hosting events like fishing tournaments.', NULL, NULL, '785-658-2465', 'https://ksoutdoors.com/State-Parks/Locations/Wilson', NULL, 1, 0),
(201, 'Hillsdale State Park', '26001 255th St', 136, '38.655400', '-94.879900', '06:00:00', '22:00:00', '2025-07-01 17:49:29', '2025-07-01 17:49:29', 2, 'A state park with hiking, biking, and horseback riding trails around Hillsdale Lake.', NULL, NULL, '913-783-4507', 'https://ksoutdoors.com/State-Parks/Locations/Hillsdale', NULL, 1, 0),
(202, 'Sand Hills State Park', '4207 E 56th Ave', 137, '38.112700', '-97.866500', '06:00:00', '22:00:00', '2025-07-01 17:49:29', '2025-07-01 17:49:29', 2, 'A state park with trails and natural prairie landscapes, ideal for hiking and wildlife viewing.', NULL, NULL, '620-663-7711', 'https://ksoutdoors.com/State-Parks/Locations/Sand-Hills', NULL, 1, 0),
(203, 'Mushroom Rock State Park', '200 Horsethief Rd', 100, '38.723100', '-98.030600', '06:00:00', '22:00:00', '2025-07-01 17:49:29', '2025-07-01 17:49:29', 2, 'A small state park with unique rock formations and picnic areas, no camping facilities.', NULL, NULL, '785-546-2565', 'https://ksoutdoors.com/State-Parks/Locations/Mushroom-Rock', NULL, 1, 0),
(204, 'Prairie Spirit Trail State Park', '1440 S Walnut St', 139, '38.611400', '-95.270900', '06:00:00', '22:00:00', '2025-07-01 17:49:29', '2025-07-01 17:49:29', 2, 'A rail-trail state park with biking and hiking trails, no vehicle permit required.', NULL, NULL, '785-448-6767', 'https://ksoutdoors.com/State-Parks/Locations/Prairie-Spirit-Trail', NULL, 1, 0),
(205, 'Flint Hills Trail State Park', '1660 250th St', 139, '38.656200', '-95.749300', '06:00:00', '22:00:00', '2025-07-01 17:49:29', '2025-07-01 17:49:29', 2, 'A rail-trail state park with biking and hiking trails through the Flint Hills, no vehicle permit required.', NULL, NULL, '785-242-2020', 'https://ksoutdoors.com/State-Parks/Locations/Flint-Hills-Trail', NULL, 1, 0),
(206, 'Little Jerusalem Badlands State Park', '25805 Fair Rd', 140, '38.802400', '-100.929400', '06:00:00', '22:00:00', '2025-07-01 17:49:29', '2025-07-01 17:49:29', 2, 'A state park with unique chalk formations and hiking trails, no camping facilities.', NULL, NULL, '785-743-2465', 'https://ksoutdoors.com/State-Parks/Locations/Little-Jerusalem-Badlands', NULL, 1, 0),
(207, 'Meade State Park', '13051 V Rd', 141, '37.166700', '-100.438300', '06:00:00', '22:00:00', '2025-07-01 17:49:29', '2025-07-01 17:49:29', 2, 'A state park with camping, fishing, and trails on Meade Lake.', NULL, NULL, '620-873-2572', 'https://ksoutdoors.com/State-Parks/Locations/Meade', NULL, 1, 0),
(208, 'Atchison State Fishing Lake', '10380 312th Rd', 102, '39.612100', '-95.208400', '06:00:00', '22:00:00', '2025-07-01 17:49:29', '2025-07-01 17:49:29', 2, 'A state fishing lake with camping and fishing opportunities, no reservations required.', NULL, NULL, '785-546-2565', 'https://ksoutdoors.com/State-Parks/Locations/Atchison', NULL, 1, 0),
(209, 'Lehigh Portland State Park', '1715 220th St', 143, '37.389200', '-95.625100', '06:00:00', '22:00:00', '2025-07-01 17:49:29', '2025-07-01 17:49:29', 2, 'The newest Kansas state park with hiking and biking trails around Elk’s Lake.', NULL, NULL, '620-365-1400', 'https://ksoutdoors.com/State-Parks/Locations/Lehigh-Portland', NULL, 1, 0),
(210, 'Cedar Bluff State Park', '32001 147 Hwy', 124, '38.805600', '-99.747200', '06:00:00', '22:00:00', '2025-07-01 17:51:33', '2025-07-01 17:51:33', 2, 'A state park with camping, hiking, and water activities on Cedar Bluff Reservoir.', NULL, NULL, '785-726-3212', 'https://ksoutdoors.com/State-Parks/Locations/Cedar-Bluff', NULL, 1, 0),
(211, 'Crawford State Park', '1 Lake Rd', 125, '37.639700', '-94.811300', '06:00:00', '22:00:00', '2025-07-01 17:51:33', '2025-07-01 17:51:33', 2, 'A state park with camping, fishing, and trails around Crawford Lake.', NULL, NULL, '620-362-3671', 'https://ksoutdoors.com/State-Parks/Locations/Crawford', NULL, 1, 0),
(212, 'Cross Timbers State Park', '144 Hwy 105', 108, '37.663500', '-96.090200', '06:00:00', '22:00:00', '2025-07-01 17:51:33', '2025-07-01 17:51:33', 2, 'A state park with wooded trails, camping, and water recreation on Toronto Lake.', NULL, NULL, '620-637-2213', 'https://ksoutdoors.com/State-Parks/Locations/Cross-Timbers', NULL, 1, 0),
(213, 'Eisenhower State Park', '29810 S Fairlawn Rd', 126, '38.514200', '-95.736600', '06:00:00', '22:00:00', '2025-07-01 17:51:33', '2025-07-01 17:51:33', 2, 'A state park with camping, horseback riding, and boating on Melvern Lake.', NULL, NULL, '785-528-4102', 'https://ksoutdoors.com/State-Parks/Locations/Eisenhower', NULL, 1, 0),
(214, 'Glen Elder State Park', '2131 180 Rd', 129, '39.497600', '-98.316300', '06:00:00', '22:00:00', '2025-07-01 17:51:33', '2025-07-01 17:51:33', 2, 'A state park with camping, fishing, and trails on Waconda Lake.', NULL, NULL, '785-545-3345', 'https://ksoutdoors.com/State-Parks/Locations/Glen-Elder', NULL, 1, 0),
(215, 'Historic Lake Scott State Park', '101 W Scott Lake Dr', 128, '38.678200', '-100.916700', '06:00:00', '22:00:00', '2025-07-01 17:51:33', '2025-07-01 17:51:33', 2, 'A historic park with camping, hiking, and historic sites on Lake Scott.', NULL, NULL, '620-872-2061', 'https://ksoutdoors.com/State-Parks/Locations/Historic-Lake-Scott', NULL, 1, 0),
(216, 'Lovewell State Park', '2446 250 Rd', 129, '39.897800', '-98.047100', '06:00:00', '22:00:00', '2025-07-01 17:51:33', '2025-07-01 17:51:33', 2, 'A state park with camping, fishing, and disc golf on Lovewell Reservoir.', NULL, NULL, '785-753-4971', 'https://ksoutdoors.com/State-Parks/Locations/Lovewell', NULL, 1, 0),
(217, 'Milford State Park', '3612 State Park Rd', 130, '39.153400', '-96.913300', '06:00:00', '22:00:00', '2025-07-01 17:51:33', '2025-07-01 17:51:33', 2, 'A state park with camping, boating, and trails on Milford Lake.', NULL, NULL, '785-238-3014', 'https://ksoutdoors.com/State-Parks/Locations/Milford', NULL, 1, 0),
(218, 'Pomona State Park', '22900 S Hwy 368', 131, '38.664600', '-95.573100', '06:00:00', '22:00:00', '2025-07-01 17:51:33', '2025-07-01 17:51:33', 2, 'A state park with camping, fishing, and water recreation on Pomona Lake.', NULL, NULL, '785-828-4933', 'https://ksoutdoors.com/State-Parks/Locations/Pomona', NULL, 1, 0),
(219, 'Prairie Dog State Park', '13037 State Hwy 261', 132, '39.803400', '-99.957200', '06:00:00', '22:00:00', '2025-07-01 17:51:33', '2025-07-01 17:51:33', 2, 'A state park with camping, fishing, and historic sites on Prairie Dog Creek.', NULL, NULL, '785-877-2953', 'https://ksoutdoors.com/State-Parks/Locations/Prairie-Dog', NULL, 1, 0),
(220, 'Tuttle Creek State Park', '5020 Tuttle Creek Blvd', 133, '39.257800', '-96.591900', '06:00:00', '22:00:00', '2025-07-01 17:51:33', '2025-07-01 17:51:33', 2, 'A state park with camping, hiking, and water activities on Tuttle Creek Lake.', NULL, NULL, '785-539-7941', 'https://ksoutdoors.com/State-Parks/Locations/Tuttle-Creek', NULL, 1, 0),
(221, 'Webster State Park', '1140 10 Rd', 134, '39.406600', '-99.430800', '06:00:00', '22:00:00', '2025-07-01 17:51:33', '2025-07-01 17:51:33', 2, 'A state park with camping, boating, and trails on Webster Reservoir.', NULL, NULL, '785-425-6772', 'https://ksoutdoors.com/State-Parks/Locations/Webster', NULL, 1, 0),
(222, 'Wilson State Park', '3 State Park Rd', 135, '38.925600', '-98.560400', '06:00:00', '22:00:00', '2025-07-01 17:51:33', '2025-07-01 17:51:33', 2, 'A state park with camping, fishing, and trails on Wilson Lake, hosting events like fishing tournaments.', NULL, NULL, '785-658-2465', 'https://ksoutdoors.com/State-Parks/Locations/Wilson', NULL, 1, 0),
(223, 'Hillsdale State Park', '26001 255th St', 136, '38.655400', '-94.879900', '06:00:00', '22:00:00', '2025-07-01 17:51:33', '2025-07-01 17:51:33', 2, 'A state park with hiking, biking, and horseback riding trails around Hillsdale Lake.', NULL, NULL, '913-783-4507', 'https://ksoutdoors.com/State-Parks/Locations/Hillsdale', NULL, 1, 0),
(224, 'Sand Hills State Park', '4207 E 56th Ave', 137, '38.112700', '-97.866500', '06:00:00', '22:00:00', '2025-07-01 17:51:33', '2025-07-01 17:51:33', 2, 'A state park with trails and natural prairie landscapes, ideal for hiking and wildlife viewing.', NULL, NULL, '620-663-7711', 'https://ksoutdoors.com/State-Parks/Locations/Sand-Hills', NULL, 1, 0),
(225, 'Mushroom Rock State Park', '200 Horsethief Rd', 100, '38.723100', '-98.030600', '06:00:00', '22:00:00', '2025-07-01 17:51:33', '2025-07-01 17:51:33', 2, 'A small state park with unique rock formations and picnic areas, no camping facilities.', NULL, NULL, '785-546-2565', 'https://ksoutdoors.com/State-Parks/Locations/Mushroom-Rock', NULL, 1, 0),
(226, 'Prairie Spirit Trail State Park', '1440 S Walnut St', 139, '38.611400', '-95.270900', '06:00:00', '22:00:00', '2025-07-01 17:51:33', '2025-07-01 17:51:33', 2, 'A rail-trail state park with biking and hiking trails, no vehicle permit required.', NULL, NULL, '785-448-6767', 'https://ksoutdoors.com/State-Parks/Locations/Prairie-Spirit-Trail', NULL, 1, 0),
(227, 'Flint Hills Trail State Park', '1660 250th St', 139, '38.656200', '-95.749300', '06:00:00', '22:00:00', '2025-07-01 17:51:33', '2025-07-01 17:51:33', 2, 'A rail-trail state park with biking and hiking trails through the Flint Hills, no vehicle permit required.', NULL, NULL, '785-242-2020', 'https://ksoutdoors.com/State-Parks/Locations/Flint-Hills-Trail', NULL, 1, 0),
(228, 'Little Jerusalem Badlands State Park', '25805 Fair Rd', 140, '38.802400', '-100.929400', '06:00:00', '22:00:00', '2025-07-01 17:51:33', '2025-07-01 17:51:33', 2, 'A state park with unique chalk formations and hiking trails, no camping facilities.', NULL, NULL, '785-743-2465', 'https://ksoutdoors.com/State-Parks/Locations/Little-Jerusalem-Badlands', NULL, 1, 0),
(229, 'Meade State Park', '13051 V Rd', 141, '37.166700', '-100.438300', '06:00:00', '22:00:00', '2025-07-01 17:51:33', '2025-07-01 17:51:33', 2, 'A state park with camping, fishing, and trails on Meade Lake.', NULL, NULL, '620-873-2572', 'https://ksoutdoors.com/State-Parks/Locations/Meade', NULL, 1, 0),
(230, 'Atchison State Fishing Lake', '10380 312th Rd', 102, '39.612100', '-95.208400', '06:00:00', '22:00:00', '2025-07-01 17:51:33', '2025-07-01 17:51:33', 2, 'A state fishing lake with camping and fishing opportunities, no reservations required.', NULL, NULL, '785-546-2565', 'https://ksoutdoors.com/State-Parks/Locations/Atchison', NULL, 1, 0),
(231, 'Lehigh Portland State Park', '1715 220th St', 143, '37.389200', '-95.625100', '06:00:00', '22:00:00', '2025-07-01 17:51:33', '2025-07-01 17:51:33', 2, 'The newest Kansas state park with hiking and biking trails around Elk’s Lake.', NULL, NULL, '620-365-1400', 'https://ksoutdoors.com/State-Parks/Locations/Lehigh-Portland', NULL, 1, 0),
(232, 'Miami State Fishing Lake and Wildlife Area', '27950 Harper Rd', 164, '38.561200', '-95.017500', '06:00:00', '22:00:00', '2025-07-01 17:54:00', '2025-07-01 17:54:00', 2, 'A state fishing lake and wildlife area with camping and fishing opportunities.', NULL, NULL, '785-242-2020', 'https://ksoutdoors.com/Fishing/Where-to-Fish-in-Kansas/State-Fishing-Lakes/Miami-State-Fishing-Lake', NULL, 1, 0),
(233, 'Nemaha State Fishing Lake and Wildlife Area', '2110 160th Rd', 165, '39.843600', '-95.533200', '06:00:00', '22:00:00', '2025-07-01 17:54:00', '2025-07-01 17:54:00', 2, 'A state fishing lake and wildlife area with camping and fishing opportunities.', NULL, NULL, '785-246-3449', 'https://ksoutdoors.com/Fishing/Where-to-Fish-in-Kansas/State-Fishing-Lakes/Nemaha-State-Fishing-Lake', NULL, 1, 0),
(234, 'Geary State Fishing Lake and Wildlife Area', '4061 Geary County Rd', 166, '39.003400', '-96.768900', '06:00:00', '22:00:00', '2025-07-01 17:54:00', '2025-07-01 17:54:00', 2, 'A state fishing lake and wildlife area with camping and fishing opportunities.', NULL, NULL, '785-461-5402', 'https://ksoutdoors.com/Fishing/Where-to-Fish-in-Kansas/State-Fishing-Lakes/Geary-State-Fishing-Lake', NULL, 1, 0),
(235, 'Woodson State Fishing Lake and Wildlife Area', '600 E Lake Rd', 108, '37.668900', '-95.688400', '06:00:00', '22:00:00', '2025-07-01 17:54:00', '2025-07-01 17:54:00', 2, 'A state fishing lake and wildlife area with camping and fishing opportunities.', NULL, NULL, '620-637-2213', 'https://ksoutdoors.com/Fishing/Where-to-Fish-in-Kansas/State-Fishing-Lakes/Woodson-State-Fishing-Lake', NULL, 1, 0),
(236, 'Elk City State Park', '4825 Squaw Creek Rd', 168, '37.258900', '-95.781400', '06:00:00', '22:00:00', '2025-07-01 17:54:00', '2025-07-01 17:54:00', 2, 'A state park with camping, hiking, and water recreation on Elk City Lake.', NULL, NULL, '620-331-6295', 'https://ksoutdoors.com/State-Parks/Locations/Elk-City', NULL, 1, 0),
(237, 'Kaw River State Park', '2000 N 2nd St', 169, '39.075600', '-95.670200', '06:00:00', '22:00:00', '2025-07-01 17:54:00', '2025-07-01 17:54:00', 2, 'A state park along the Kansas River with trails and picnic areas, no camping facilities.', NULL, NULL, '785-273-6740', 'https://ksoutdoors.com/State-Parks/Locations/Kaw-River', NULL, 1, 0),
(238, 'Battle of Lexington State Historic Site', '1101 Delaware St', 170, '39.185600', '-93.879800', '08:00:00', '16:00:00', '2025-07-01 17:57:10', '2025-07-01 17:57:10', NULL, 'A historic site preserving the Civil War battlefield with a visitor center and interpretive programs.', NULL, NULL, '660-259-4654', 'https://mostateparks.com/park/battle-lexington-state-historic-site', NULL, 1, 0);
INSERT INTO `parks` (`park_id`, `name`, `address`, `zip_code_id`, `latitude`, `longitude`, `hours_open`, `hours_close`, `created_at`, `updated_at`, `category_id`, `description`, `city`, `state`, `phone`, `website`, `email`, `is_active`, `is_featured`) VALUES
(239, 'Bennett Spring State Park', '26250 Hwy 64A', 171, '37.725300', '-92.855900', '06:00:00', '22:00:00', '2025-07-01 17:57:10', '2025-07-01 17:57:10', 2, 'A state park known for trout fishing, camping, and hiking trails along Bennett Spring.', NULL, NULL, '417-532-4338', 'https://mostateparks.com/park/bennett-spring-state-park', NULL, 1, 0),
(240, 'Cuivre River State Park', '678 State Route 147', 172, '39.032400', '-90.933700', '06:00:00', '22:00:00', '2025-07-01 17:57:10', '2025-07-01 17:57:10', 2, 'A state park with camping, hiking, and equestrian trails in a scenic river valley.', NULL, NULL, '636-528-7247', 'https://mostateparks.com/park/cuivre-river-state-park', NULL, 1, 0),
(241, 'Dr. Edmund A. Babler Memorial State Park', '800 Guy Park Dr', 173, '38.615300', '-90.687100', '06:00:00', '22:00:00', '2025-07-01 17:57:10', '2025-07-01 17:57:10', 2, 'A state park with camping, hiking, and equestrian trails near St. Louis.', NULL, NULL, '636-458-3813', 'https://mostateparks.com/park/dr-edmund-babler-memorial-state-park', NULL, 1, 0),
(242, 'Ha Ha Tonka State Park', '1491 State Rd D', 174, '37.975200', '-92.769200', '06:00:00', '22:00:00', '2025-07-01 17:57:10', '2025-07-01 17:57:10', 2, 'A state park with castle ruins, hiking trails, and scenic views of Lake of the Ozarks.', NULL, NULL, '573-346-2986', 'https://mostateparks.com/park/ha-ha-tonka-state-park', NULL, 1, 0),
(243, 'Johnson’s Shut-Ins State Park', '148 Taum Sauk Trail', 175, '37.557300', '-90.846200', '06:00:00', '22:00:00', '2025-07-01 17:57:10', '2025-07-01 17:57:10', 2, 'A state park with unique rock formations, swimming areas, and hiking trails.', NULL, NULL, '573-546-2450', 'https://mostateparks.com/park/johnsons-shut-ins-state-park', NULL, 1, 0),
(244, 'Meramec State Park', '115 Meramec Park Dr', 176, '38.210600', '-91.096800', '06:00:00', '22:00:00', '2025-07-01 17:57:10', '2025-07-01 17:57:10', 2, 'A state park with camping, cave tours, and river activities along the Meramec River.', NULL, NULL, '573-468-6072', 'https://mostateparks.com/park/meramec-state-park', NULL, 1, 0),
(245, 'Onondaga Cave State Park', '7556 Hwy H', 177, '38.059600', '-91.227900', '06:00:00', '22:00:00', '2025-07-01 17:57:10', '2025-07-01 17:57:10', 2, 'A state park featuring cave tours, camping, and hiking trails.', NULL, NULL, '573-245-6576', 'https://mostateparks.com/park/onondaga-cave-state-park', NULL, 1, 0),
(246, 'Roaring River State Park', '12716 Farm Rd 2239', 178, '36.580100', '-93.834200', '06:00:00', '22:00:00', '2025-07-01 17:57:10', '2025-07-01 17:57:10', 2, 'A state park known for trout fishing, camping, and hiking in the Ozarks.', NULL, NULL, '417-847-2539', 'https://mostateparks.com/park/roaring-river-state-park', NULL, 1, 0),
(247, 'Taum Sauk Mountain State Park', '148 Taum Sauk Trail', 179, '37.563400', '-90.730900', '06:00:00', '22:00:00', '2025-07-01 17:57:10', '2025-07-01 17:57:10', 2, 'A state park with Missouri’s highest point, hiking trails, and scenic views.', NULL, NULL, '573-546-2450', 'https://mostateparks.com/park/taum-sauk-mountain-state-park', NULL, 1, 0),
(248, 'Alley Spring and Mill State Historic Site', '404 State Hwy 106', 180, '37.153200', '-91.442300', '08:00:00', '16:00:00', '2025-07-01 18:00:53', '2025-07-01 18:00:53', NULL, 'A historic site featuring a historic mill and spring, with interpretive programs and trails.', NULL, NULL, '573-226-3945', 'https://mostateparks.com/park/alley-spring-and-mill', NULL, 1, 0),
(249, 'Elephant Rocks State Park', '7406 Hwy 21', 175, '37.654800', '-90.686900', '06:00:00', '22:00:00', '2025-07-01 18:00:53', '2025-07-01 18:00:53', 2, 'A state park with unique granite boulders and hiking trails, including a Braille Trail for accessibility.', NULL, NULL, '573-546-3454', 'https://mostateparks.com/park/elephant-rocks-state-park', NULL, 1, 0),
(250, 'Katy Trail State Park', '101 Lewis St', 181, '38.975600', '-92.543600', '06:00:00', '22:00:00', '2025-07-01 18:00:53', '2025-07-01 18:00:53', 2, 'The nation’s longest rail-trail with biking and hiking trails along the Missouri River.', NULL, NULL, '573-449-7402', 'https://mostateparks.com/park/katy-trail-state-park', NULL, 1, 0),
(251, 'Montauk State Park', '345 County Rd 6670', 182, '37.456700', '-91.687800', '06:00:00', '22:00:00', '2025-07-01 18:00:53', '2025-07-01 18:00:53', 2, 'A state park known for trout fishing, camping, and hiking along the Current River.', NULL, NULL, '573-548-2201', 'https://mostateparks.com/park/montauk-state-park', NULL, 1, 0),
(252, 'Pomme de Terre State Park', '23451 Park Entrance Rd', 183, '37.896400', '-93.326200', '06:00:00', '22:00:00', '2025-07-01 18:00:53', '2025-07-01 18:00:53', 2, 'A state park with camping, hiking, and water recreation on Pomme de Terre Lake.', NULL, NULL, '417-852-4291', 'https://mostateparks.com/park/pomme-de-terre-state-park', NULL, 1, 0),
(253, 'Sam A. Baker State Park', 'Route 1, Box 113', 184, '37.278600', '-90.521900', '06:00:00', '22:00:00', '2025-07-01 18:00:53', '2025-07-01 18:00:53', 2, 'A state park with camping, hiking, and equestrian trails in the St. Francois Mountains.', NULL, NULL, '573-856-4223', 'https://mostateparks.com/park/sam-baker-state-park', NULL, 1, 0),
(254, 'St. Francois State Park', '8920 US Hwy 67 N', 185, '37.968900', '-90.520600', '06:00:00', '22:00:00', '2025-07-01 18:00:53', '2025-07-01 18:00:53', 2, 'A state park with camping, hiking, and equestrian trails near Big River.', NULL, NULL, '573-358-2177', 'https://mostateparks.com/park/st-francois-state-park', NULL, 1, 0),
(255, 'Table Rock State Park', '5272 State Hwy 165', 186, '36.587600', '-93.310900', '06:00:00', '22:00:00', '2025-07-01 18:00:53', '2025-07-01 18:00:53', 2, 'A state park with camping, boating, and trails on Table Rock Lake.', NULL, NULL, '417-334-4704', 'https://mostateparks.com/park/table-rock-state-park', NULL, 1, 0),
(256, 'Trail of Tears State Park', '429 Moccasin Springs Rd', 187, '37.463200', '-89.481600', '06:00:00', '22:00:00', '2025-07-01 18:00:53', '2025-07-01 18:00:53', 2, 'A state park commemorating the Cherokee Trail of Tears with camping and trails.', NULL, NULL, '573-290-5268', 'https://mostateparks.com/park/trail-tears-state-park', NULL, 1, 0),
(257, 'Washington State Park', '13041 State Hwy 104', 188, '38.082400', '-90.682300', '06:00:00', '22:00:00', '2025-07-01 18:00:53', '2025-07-01 18:00:53', 2, 'A state park with camping, hiking, and petroglyphs along Big River.', NULL, NULL, '636-586-2995', 'https://mostateparks.com/park/washington-state-park', NULL, 1, 0),
(258, 'Big Lake State Park', '204 Lake Shore Dr', 190, '40.076600', '-95.350200', '06:00:00', '22:00:00', '2025-07-01 18:03:53', '2025-07-01 18:03:53', 2, 'A state park with camping, boating, and fishing on Missouri’s largest oxbow lake.', NULL, NULL, '660-442-5432', 'https://mostateparks.com/park/big-lake-state-park', NULL, 1, 0),
(259, 'Castlewood State Park', '1401 Kiefer Creek Rd', 191, '38.551200', '-90.544600', '06:00:00', '22:00:00', '2025-07-01 18:03:53', '2025-07-01 18:03:53', 2, 'A state park with hiking, biking, and equestrian trails along the Meramec River.', NULL, NULL, '636-227-4433', 'https://mostateparks.com/park/castlewood-state-park', NULL, 1, 0),
(260, 'Dillard Mill State Historic Site', '142 Dillard Mill Rd', 192, '37.714300', '-91.205700', '08:00:00', '16:00:00', '2025-07-01 18:03:53', '2025-07-01 18:03:53', NULL, 'A historic site featuring a restored 1908 mill and scenic Huzzah Creek.', NULL, NULL, '573-244-3120', 'https://mostateparks.com/park/dillard-mill-state-historic-site', NULL, 1, 0),
(261, 'Hawn State Park', '12096 Park Dr', 193, '37.832600', '-90.229800', '06:00:00', '22:00:00', '2025-07-01 18:03:53', '2025-07-01 18:03:53', 2, 'A state park with camping, hiking, and scenic sandstone formations.', NULL, NULL, '573-883-3603', 'https://mostateparks.com/park/hawn-state-park', NULL, 1, 0),
(262, 'Lake Wappapello State Park', '9335 State Hwy T', 194, '36.938600', '-90.280900', '06:00:00', '22:00:00', '2025-07-01 18:03:53', '2025-07-01 18:03:53', 2, 'A state park with camping, boating, and trails on Lake Wappapello.', NULL, NULL, '573-297-3232', 'https://mostateparks.com/park/lake-wappapello-state-park', NULL, 1, 0),
(263, 'Lewis and Clark State Park', '801 Lake Crest Blvd', 93, '39.324200', '-94.896800', '06:00:00', '22:00:00', '2025-07-01 18:03:53', '2025-07-01 18:03:53', 2, 'A state park with camping, hiking, and a lake near the Missouri River.', NULL, NULL, '816-407-3400', 'https://mostateparks.com/park/lewis-and-clark-state-park', NULL, 1, 0),
(264, 'Missouri Mines State Historic Site', '4000 State Hwy 32', 195, '37.845600', '-90.513700', '08:00:00', '16:00:00', '2025-07-01 18:03:53', '2025-07-01 18:03:53', NULL, 'A historic site showcasing Missouri’s lead mining history with a museum.', NULL, NULL, '573-431-6226', 'https://mostateparks.com/park/missouri-mines-state-historic-site', NULL, 1, 0),
(265, 'Prairie State Park', '128 NW 150th Ln', 196, '37.531200', '-94.572100', '06:00:00', '22:00:00', '2025-07-01 18:03:53', '2025-07-01 18:03:53', 2, 'A state park preserving tallgrass prairie with hiking trails and bison herds.', NULL, NULL, '417-843-6711', 'https://mostateparks.com/park/prairie-state-park', NULL, 1, 0),
(266, 'Stockton State Park', '19100 S Hwy 215', 197, '37.612300', '-93.734600', '06:00:00', '22:00:00', '2025-07-01 18:03:53', '2025-07-01 18:03:53', 2, 'A state park with camping, sailing, and trails on Stockton Lake.', NULL, NULL, '417-276-5329', 'https://mostateparks.com/park/stockton-state-park', NULL, 1, 0),
(267, 'Wakonda State Park', '32836 State Park Rd', 198, '40.015600', '-91.512800', '06:00:00', '22:00:00', '2025-07-01 18:03:53', '2025-07-01 18:03:53', 2, 'A state park with camping, fishing, and trails around six lakes.', NULL, NULL, '573-655-2280', 'https://mostateparks.com/park/wakonda-state-park', NULL, 1, 0),
(268, 'Annie and Abel Van Meter State Park', '32146 N Hwy 122', 200, '39.264700', '-93.264800', '06:00:00', '22:00:00', '2025-07-01 18:33:30', '2025-07-01 18:33:30', 2, 'A state park preserving Missouri Indian history with trails and cultural exhibits.', NULL, NULL, '660-886-7537', 'https://mostateparks.com/park/annie-and-abel-van-meter-state-park', NULL, 1, 0),
(269, 'Arrow Rock State Historic Site', '6951 Main St', 201, '39.069800', '-92.945600', '08:00:00', '16:00:00', '2025-07-01 18:33:30', '2025-07-01 18:33:30', NULL, 'A historic site with a 19th-century village and interpretive programs.', NULL, NULL, '660-837-3330', 'https://mostateparks.com/park/arrow-rock-state-historic-site', NULL, 1, 0),
(270, 'Battle of Athens State Historic Site', '1 Moonlight Dr', 202, '40.582900', '-91.697800', '08:00:00', '16:00:00', '2025-07-01 18:33:30', '2025-07-01 18:33:30', NULL, 'A Civil War battlefield site with historic buildings and trails.', NULL, NULL, '660-877-3871', 'https://mostateparks.com/park/battle-athens-state-historic-site', NULL, 1, 0),
(271, 'Battle of Island Mound State Historic Site', '4837 NW County Rd 2', 203, '38.440600', '-94.388900', '08:00:00', '16:00:00', '2025-07-01 18:33:30', '2025-07-01 18:33:30', NULL, 'A Civil War site commemorating the first African American combat unit.', NULL, NULL, '660-679-4312', 'https://mostateparks.com/park/battle-island-mound-state-historic-site', NULL, 1, 0),
(272, 'Bollinger Mill State Historic Site', '113 Bollinger Mill Rd', 204, '37.366200', '-89.801400', '08:00:00', '16:00:00', '2025-07-01 18:33:30', '2025-07-01 18:33:30', NULL, 'A historic 19th-century mill and covered bridge with tours.', NULL, NULL, '573-243-4591', 'https://mostateparks.com/park/bollinger-mill-state-historic-site', NULL, 1, 0),
(273, 'Boone’s Lick State Historic Site', '19310 Hwy 87', 205, '39.083100', '-92.879200', '08:00:00', '16:00:00', '2025-07-01 18:33:30', '2025-07-01 18:33:30', NULL, 'A historic site marking the Boone family’s salt production site.', NULL, NULL, '660-837-3330', 'https://mostateparks.com/park/boones-lick-state-historic-site', NULL, 1, 0),
(274, 'Bothwell Lodge State Historic Site', '19349 Hwy UU', 206, '38.673900', '-93.237200', '08:00:00', '16:00:00', '2025-07-01 18:33:30', '2025-07-01 18:33:30', NULL, 'A historic lodge with tours of the early 20th-century mansion.', NULL, NULL, '660-827-0510', 'https://mostateparks.com/park/bothwell-lodge-state-historic-site', NULL, 1, 0),
(275, 'Clark’s Hill/Norton State Historic Site', '15210 Hwy DD', 207, '38.161400', '-94.028900', '08:00:00', '16:00:00', '2025-07-01 18:33:30', '2025-07-01 18:33:30', NULL, 'A Lewis and Clark expedition site with scenic views.', NULL, NULL, '417-395-2014', 'https://mostateparks.com/park/clarks-hillnorton-state-historic-site', NULL, 1, 0),
(276, 'Confederate Memorial State Historic Site', '34427 Hwy K', 208, '39.294200', '-93.718900', '08:00:00', '16:00:00', '2025-07-01 18:33:30', '2025-07-01 18:33:30', NULL, 'A Civil War site with a historic cemetery and museum.', NULL, NULL, '660-679-4312', 'https://mostateparks.com/park/confederate-memorial-state-historic-site', NULL, 1, 0),
(277, 'Current River State Park', '11053 County Rd 19D', 209, '37.315600', '-91.584200', '06:00:00', '22:00:00', '2025-07-01 18:33:30', '2025-07-01 18:33:30', 2, 'A state park with historic buildings, hiking, and river access.', NULL, NULL, '573-858-3015', 'https://mostateparks.com/park/current-river-state-park', NULL, 1, 0),
(278, 'Deutschheim State Historic Site', '109 W 2nd St', 210, '38.705600', '-91.438200', '08:00:00', '16:00:00', '2025-07-01 18:33:30', '2025-07-01 18:33:30', NULL, 'A historic site showcasing German immigrant history with tours.', NULL, NULL, '573-486-2200', 'https://mostateparks.com/park/deutschheim-state-historic-site', NULL, 1, 0),
(279, 'Don Robinson State Park', '9272 Byrnesville Rd', 211, '38.391400', '-90.641700', '06:00:00', '22:00:00', '2025-07-01 18:33:30', '2025-07-01 18:33:30', 2, 'A state park with hiking trails and sandstone canyons.', NULL, NULL, '636-257-5392', 'https://mostateparks.com/park/don-robinson-state-park', NULL, 1, 0),
(280, 'Echo Bluff State Park', '34489 Echo Bluff Dr', 180, '37.314800', '-91.409600', '06:00:00', '22:00:00', '2025-07-01 18:33:30', '2025-07-01 18:33:30', 2, 'A state park with camping, hiking, and river activities.', NULL, NULL, '573-751-1224', 'https://mostateparks.com/park/echo-bluff-state-park', NULL, 1, 0),
(281, 'Edward “Ted” and Pat Jones-Confluence Point State Park', '1000 Riverlands Way', 213, '38.832400', '-90.119200', '06:00:00', '22:00:00', '2025-07-01 18:33:30', '2025-07-01 18:33:30', 2, 'A state park at the Missouri-Mississippi River confluence with trails.', NULL, NULL, '636-899-1135', 'https://mostateparks.com/park/edward-ted-and-pat-jones-confluence-point-state-park', NULL, 1, 0),
(282, 'Felix Vallé House State Historic Site', '198 Market St', 214, '37.979400', '-90.048900', '08:00:00', '16:00:00', '2025-07-01 18:33:30', '2025-07-01 18:33:30', NULL, 'A historic 19th-century French colonial home with tours.', NULL, NULL, '573-883-7102', 'https://mostateparks.com/park/felix-valle-house-state-historic-site', NULL, 1, 0),
(283, 'First Missouri State Capitol State Historic Site', '200 S Main St', 213, '38.779200', '-90.481400', '08:00:00', '16:00:00', '2025-07-01 18:33:30', '2025-07-01 18:33:30', NULL, 'A historic site preserving Missouri’s first state capitol.', NULL, NULL, '636-940-3322', 'https://mostateparks.com/park/first-missouri-state-capitol-state-historic-site', NULL, 1, 0),
(284, 'Gov. Daniel Dunklin’s Grave State Historic Site', '3401 Oak Grove Rd', 212, '37.305600', '-89.583100', '08:00:00', '16:00:00', '2025-07-01 18:33:30', '2025-07-01 18:33:30', NULL, 'A historic site with the grave of Missouri’s fifth governor.', NULL, NULL, '573-290-5730', 'https://mostateparks.com/park/gov-daniel-dunklins-grave-state-historic-site', NULL, 1, 0),
(285, 'Grand Gulf State Park', '6142 Hwy W', 215, '36.531200', '-91.053400', '06:00:00', '22:00:00', '2025-07-01 18:33:30', '2025-07-01 18:33:30', 2, 'A state park with a natural bridge and cave system.', NULL, NULL, '417-264-7600', 'https://mostateparks.com/park/grand-gulf-state-park', NULL, 1, 0),
(286, 'Harry S Truman Birthplace State Historic Site', '1009 Truman Ave', 218, '37.493600', '-94.274800', '08:00:00', '16:00:00', '2025-07-01 18:33:30', '2025-07-01 18:33:30', NULL, 'The birthplace of President Harry S Truman with tours.', NULL, NULL, '417-682-2279', 'https://mostateparks.com/park/harry-s-truman-birthplace-state-historic-site', NULL, 1, 0),
(287, 'Harry S Truman State Park', '28761 State Park Rd', 219, '38.279400', '-93.662800', '06:00:00', '22:00:00', '2025-07-01 18:33:30', '2025-07-01 18:33:30', 2, 'A state park with camping, boating, and trails on Truman Lake.', NULL, NULL, '660-438-7317', 'https://mostateparks.com/park/harry-s-truman-state-park', NULL, 1, 0),
(288, 'Hunter-Dawson State Historic Site', '312 Dawson Rd', 216, '36.589200', '-89.523600', '08:00:00', '16:00:00', '2025-07-01 18:33:30', '2025-07-01 18:33:30', NULL, 'A historic 19th-century mansion with tours.', NULL, NULL, '573-748-5340', 'https://mostateparks.com/park/hunter-dawson-state-historic-site', NULL, 1, 0),
(289, 'Iliniwek Village State Historic Site', '23927 Hwy 24', 202, '40.576400', '-91.672100', '08:00:00', '16:00:00', '2025-07-01 18:33:30', '2025-07-01 18:33:30', NULL, 'A historic Native American village site with interpretive signs.', NULL, NULL, '660-877-3871', 'https://mostateparks.com/park/iliniwek-village-state-historic-site', NULL, 1, 0),
(290, 'Jefferson Landing State Historic Site', '100 Jefferson St', 217, '38.578900', '-92.171200', '08:00:00', '16:00:00', '2025-07-01 18:33:30', '2025-07-01 18:33:30', NULL, 'A historic site with 19th-century buildings and Missouri River history.', NULL, NULL, '573-751-3475', 'https://mostateparks.com/park/jefferson-landing-state-historic-site', NULL, 1, 0),
(291, 'Jewell Cemetery State Historic Site', '2900 Greenway Dr', 103, '38.916700', '-92.348900', '08:00:00', '16:00:00', '2025-07-01 18:33:30', '2025-07-01 18:33:30', NULL, 'A historic cemetery with notable Missouri figures.', NULL, NULL, '573-449-7402', 'https://mostateparks.com/park/jewell-cemetery-state-historic-site', NULL, 1, 0),
(292, 'Locust Creek Covered Bridge State Historic Site', '16957 Dart Rd', 111, '40.404200', '-93.235600', '08:00:00', '16:00:00', '2025-07-01 18:33:30', '2025-07-01 18:33:30', NULL, 'A historic 19th-century covered bridge with picnic areas.', NULL, NULL, '660-963-2299', 'https://mostateparks.com/park/locust-creek-covered-bridge-state-historic-site', NULL, 1, 0),
(293, 'Mark Twain Birthplace State Historic Site', '37352 Shrine Rd', 103, '39.492300', '-91.482600', '08:00:00', '16:00:00', '2025-07-01 18:33:30', '2025-07-01 18:33:30', NULL, 'The birthplace of Mark Twain with a museum and cabin.', NULL, NULL, '573-565-3449', 'https://mostateparks.com/park/mark-twain-birthplace-state-historic-site', NULL, 1, 0),
(294, 'Mark Twain Cave Complex', '300 Cave Hollow Rd', 227, '39.678400', '-91.340200', '08:00:00', '16:00:00', '2025-07-01 18:33:30', '2025-07-01 18:33:30', NULL, 'A historic cave associated with Mark Twain, offering tours.', NULL, NULL, '573-221-1656', 'https://mostateparks.com/park/mark-twain-cave-complex', NULL, 1, 0),
(295, 'Mark Twain State Park', '37352 Shrine Rd', 103, '39.492300', '-91.482600', '06:00:00', '22:00:00', '2025-07-01 18:33:30', '2025-07-01 18:33:30', 2, 'A state park with camping, hiking, and lake recreation near Mark Twain’s birthplace.', NULL, NULL, '573-565-3440', 'https://mostateparks.com/park/mark-twain-state-park', NULL, 1, 0),
(296, 'Mastodon State Historic Site', '1050 Charles J Becker Dr', 211, '38.379400', '-90.387600', '08:00:00', '16:00:00', '2025-07-01 18:33:30', '2025-07-01 18:33:30', NULL, 'A historic site with a mastodon bone bed and museum.', NULL, NULL, '636-464-2976', 'https://mostateparks.com/park/mastodon-state-historic-site', NULL, 1, 0),
(297, 'Missouri State Museum', '201 W Capitol Ave', 217, '38.579200', '-92.172900', '08:00:00', '16:00:00', '2025-07-01 18:33:30', '2025-07-01 18:33:30', NULL, 'A museum in the State Capitol showcasing Missouri history.', NULL, NULL, '573-751-2854', 'https://mostateparks.com/park/missouri-state-museum', NULL, 1, 0),
(298, 'Morris State Park', '4655 Hwy 135', 222, '38.548900', '-92.790400', '06:00:00', '22:00:00', '2025-07-01 18:33:30', '2025-07-01 18:33:30', 2, 'A state park with hiking trails and scenic views.', NULL, NULL, '573-346-2986', 'https://mostateparks.com/park/morris-state-park', NULL, 1, 0),
(299, 'Nathan and Olive Boone Homestead State Historic Site', '7859 S Hwy 165', 223, '37.072600', '-93.566700', '08:00:00', '16:00:00', '2025-07-01 18:33:30', '2025-07-01 18:33:30', NULL, 'A historic homestead of Daniel Boone’s son with tours.', NULL, NULL, '417-751-3266', 'https://mostateparks.com/park/nathan-and-olive-boone-homestead-state-historic-site', NULL, 1, 0),
(300, 'Osage Village State Historic Site', '3555 Hwy T', 207, '38.170900', '-94.045600', '08:00:00', '16:00:00', '2025-07-01 18:33:30', '2025-07-01 18:33:30', NULL, 'A historic Native American village site with interpretive signs.', NULL, NULL, '417-395-2014', 'https://mostateparks.com/park/osage-village-state-historic-site', NULL, 1, 0),
(301, 'Rock Bridge Memorial State Park', '5901 S Hwy 163', 103, '38.876400', '-92.333600', '06:00:00', '22:00:00', '2025-07-01 18:33:30', '2025-07-01 18:33:30', 2, 'A state park with hiking trails, caves, and a rock bridge.', NULL, NULL, '573-449-7402', 'https://mostateparks.com/park/rock-bridge-memorial-state-park', NULL, 1, 0),
(302, 'Roger Pryor Pioneer Backcountry', '12201 Hwy A', 209, '37.305600', '-91.584200', '06:00:00', '22:00:00', '2025-07-01 18:33:30', '2025-07-01 18:33:30', 2, 'A backcountry area with hiking and backpacking trails.', NULL, NULL, '573-226-3945', 'https://mostateparks.com/park/roger-pryor-pioneer-backcountry', NULL, 1, 0),
(303, 'Route 66 State Park', '97 N Outer Rd', 211, '38.510200', '-90.604800', '06:00:00', '22:00:00', '2025-07-01 18:33:30', '2025-07-01 18:33:30', 2, 'A state park with Route 66 history, hiking, and river access.', NULL, NULL, '636-938-7198', 'https://mostateparks.com/park/route-66-state-park', NULL, 1, 0),
(304, 'Sappington Cemetery State Historic Site', '6143 Arrow Rock Rd', 201, '39.073200', '-92.940700', '08:00:00', '16:00:00', '2025-07-01 18:33:30', '2025-07-01 18:33:30', NULL, 'A historic cemetery with early Missouri settler graves.', NULL, NULL, '660-837-3330', 'https://mostateparks.com/park/sappington-cemetery-state-historic-site', NULL, 1, 0),
(305, 'Scott Joplin House State Historic Site', '2658 Delmar Blvd', NULL, '38.637200', '-90.216300', '08:00:00', '16:00:00', '2025-07-01 18:33:30', '2025-07-01 18:33:30', NULL, 'The home of ragtime composer Scott Joplin with tours.', NULL, NULL, '314-340-5790', 'https://mostateparks.com/park/scott-joplin-house-state-historic-site', NULL, 1, 0),
(306, 'Thomas Hart Benton Home and Studio State Historic Site', '3616 Belleview Ave', 86, '39.062400', '-94.590600', '08:00:00', '16:00:00', '2025-07-01 18:33:30', '2025-07-01 18:33:30', NULL, 'The home and studio of artist Thomas Hart Benton with tours.', NULL, NULL, '816-931-5722', 'https://mostateparks.com/park/thomas-hart-benton-home-and-studio-state-historic-site', NULL, 1, 0),
(307, 'Towosahgy State Historic Site', 'County Rd 502', 221, '36.687300', '-89.235400', '08:00:00', '16:00:00', '2025-07-01 18:33:30', '2025-07-01 18:33:30', NULL, 'A historic Native American mound site with interpretive signs.', NULL, NULL, '573-748-5340', 'https://mostateparks.com/park/towosahgy-state-historic-site', NULL, 1, 0),
(308, 'Union Covered Bridge State Historic Site', '10400 Hwy C', 103, '38.968900', '-92.194200', '08:00:00', '16:00:00', '2025-07-01 18:33:30', '2025-07-01 18:33:30', NULL, 'A historic 19th-century covered bridge with picnic areas.', NULL, NULL, '573-449-7402', 'https://mostateparks.com/park/union-covered-bridge-state-historic-site', NULL, 1, 0),
(309, 'Robert G. Russell Scenic Tower', '5272 State Hwy 165', 186, '36.587600', '-93.310900', '08:00:00', '16:00:00', '2025-07-01 18:33:30', '2025-07-01 18:33:30', NULL, 'A historic observation tower with scenic views.', NULL, NULL, '417-334-4704', 'https://mostateparks.com/park/robert-g-russell-scenic-tower', NULL, 1, 0),
(310, 'Arrow Rock Ferry Landing', '601 Main St', 201, '39.069800', '-92.945600', '08:00:00', '16:00:00', '2025-07-01 18:33:30', '2025-07-01 18:33:30', NULL, 'A historic ferry landing site with interpretive signs.', NULL, NULL, '660-837-3330', 'https://mostateparks.com/park/arrow-rock-ferry-landing', NULL, 1, 0),
(311, 'Battle of Pilot Knob State Historic Site', '118 E Maple St', 225, '37.623400', '-90.639200', '08:00:00', '16:00:00', '2025-07-01 18:33:30', '2025-07-01 18:33:30', NULL, 'A Civil War battlefield with a fort and visitor center.', NULL, NULL, '573-546-3454', 'https://mostateparks.com/park/battle-pilot-knob-state-historic-site', NULL, 1, 0),
(312, 'Clarksville Riverfront Park', '100 S 2nd St', 226, '39.368900', '-90.903400', '06:00:00', '22:00:00', '2025-07-01 18:33:30', '2025-07-01 18:33:30', 2, 'A state park with riverfront views and picnic areas.', NULL, NULL, '573-242-2020', 'https://mostateparks.com/park/clarksville-riverfront-park', NULL, 1, 0),
(313, 'Gen. John J. Pershing Boyhood Home State Historic Site', '1100 Pershing Dr', 111, '40.409200', '-93.616700', '08:00:00', '16:00:00', '2025-07-01 18:33:30', '2025-07-01 18:33:30', NULL, 'The boyhood home of General John J. Pershing with tours.', NULL, NULL, '660-963-2299', 'https://mostateparks.com/park/gen-john-j-pershing-boyhood-home-state-historic-site', NULL, 1, 0),
(314, 'Long Branch Lake State Park', '28615 Visitor Center Rd', 98, '40.194200', '-92.526800', '06:00:00', '22:00:00', '2025-07-01 18:33:30', '2025-07-01 18:33:30', 2, 'A state park with camping, boating, and trails on Long Branch Lake.', NULL, NULL, '660-773-5229', 'https://mostateparks.com/park/long-branch-lake-state-park', NULL, 1, 0),
(315, 'Sandy Creek Covered Bridge State Historic Site', 'Old Lemay Ferry Rd', NULL, '38.296400', '-90.466700', '08:00:00', '16:00:00', '2025-07-01 18:33:30', '2025-07-01 18:33:30', NULL, 'A historic 19th-century covered bridge with picnic areas.', NULL, NULL, '636-464-2976', 'https://mostateparks.com/park/sandy-creek-covered-bridge-state-historic-site', NULL, 1, 0),
(316, 'Yellowstone National Park', '2 Officers Row', 229, '44.428000', '-110.588500', '06:00:00', '22:00:00', '2025-07-01 18:39:31', '2025-07-01 18:39:31', 3, 'The first national park, known for geysers, hot springs, and wildlife.', NULL, NULL, '307-344-7381', 'https://www.nps.gov/yell/index.htm', NULL, 1, 1),
(317, 'Yosemite National Park', '9039 Village Dr', 230, '37.865100', '-119.538300', '06:00:00', '22:00:00', '2025-07-01 18:39:31', '2025-07-01 18:39:31', 3, 'A national park with granite cliffs, waterfalls, and sequoias.', NULL, NULL, '209-372-0200', 'https://www.nps.gov/yose/index.htm', NULL, 1, 1),
(318, 'Grand Canyon National Park', '20 South Entrance Rd', 231, '36.059400', '-112.140100', '06:00:00', '22:00:00', '2025-07-01 18:39:31', '2025-07-01 18:39:31', 3, 'A national park with a massive canyon and scenic vistas.', NULL, NULL, '928-638-7888', 'https://www.nps.gov/grca/index.htm', NULL, 1, 1),
(319, 'Great Smoky Mountains National Park', '107 Park Headquarters Rd', 232, '35.611800', '-83.489500', '06:00:00', '22:00:00', '2025-07-01 18:39:31', '2025-07-01 18:39:31', 3, 'A biodiverse park with mountains and historic structures.', NULL, NULL, '865-436-1200', 'https://www.nps.gov/grsm/index.htm', NULL, 1, 1),
(320, 'Zion National Park', '1 Zion Park Blvd', 233, '37.298200', '-113.026300', '06:00:00', '22:00:00', '2025-07-01 18:39:31', '2025-07-01 18:39:31', 3, 'A national park with red rock canyons and hiking trails.', NULL, NULL, '435-772-3256', 'https://www.nps.gov/zion/index.htm', NULL, 1, 1),
(321, 'Gettysburg National Military Park', '1195 Baltimore Pike', 234, '39.811800', '-77.219700', '08:00:00', '17:00:00', '2025-07-01 18:39:31', '2025-07-01 18:39:31', NULL, 'A Civil War battlefield with a museum and monuments.', NULL, NULL, '717-334-1124', 'https://www.nps.gov/gett/index.htm', NULL, 1, 0),
(322, 'Everglades National Park', '40001 State Hwy 9336', 235, '25.315700', '-80.885000', '06:00:00', '22:00:00', '2025-07-01 18:39:31', '2025-07-01 18:39:31', 3, 'A national park with wetlands and diverse wildlife.', NULL, NULL, '305-242-7700', 'https://www.nps.gov/ever/index.htm', NULL, 1, 1),
(323, 'Statue of Liberty National Monument', 'Liberty Island', 236, '40.689200', '-74.044500', '08:30:00', '17:00:00', '2025-07-01 18:39:31', '2025-07-01 18:39:31', NULL, 'A monument with the iconic statue and Ellis Island museum.', NULL, NULL, '212-363-3200', 'https://www.nps.gov/stli/index.htm', NULL, 1, 1),
(324, 'Independence National Historical Park', '143 S 3rd St', 237, '39.947600', '-75.145700', '09:00:00', '17:00:00', '2025-07-01 18:39:31', '2025-07-01 18:39:31', NULL, 'A historic park with Independence Hall and Liberty Bell.', NULL, NULL, '215-965-2305', 'https://www.nps.gov/inde/index.htm', NULL, 1, 1),
(325, 'Gateway Arch National Park', '11 N 4th St', 238, '38.624700', '-90.184800', '09:00:00', '18:00:00', '2025-07-01 18:39:31', '2025-07-01 18:39:31', 3, 'A national park with the iconic arch and museum.', NULL, NULL, '314-655-1600', 'https://www.nps.gov/jeff/index.htm', NULL, 1, 1),
(326, 'Pershing State Park', '29277 Highway 130, Laclede, MO 64651', NULL, NULL, NULL, NULL, NULL, '2025-07-01 20:02:57', '2025-07-01 20:02:57', NULL, 'A beautiful state park with hiking trails, fishing, and camping facilities.', 'Laclede', 'Missouri', '(660) 963-2299', 'https://mostateparks.com/park/pershing-state-park', NULL, 1, 0),
(327, 'St. Joe State Park', '2800 Pimville Road, Park Hills, MO 63601', NULL, NULL, NULL, NULL, NULL, '2025-07-01 20:02:57', '2025-07-01 20:02:57', NULL, 'Former mining area turned into a recreational paradise with ATV trails and lakes.', 'Park Hills', 'Missouri', '(573) 431-8888', 'https://mostateparks.com/park/st-joe-state-park', NULL, 1, 0),
(328, 'Graham Cave State Park', '217 Highway TT, Montgomery City, MO 63361', NULL, NULL, NULL, NULL, NULL, '2025-07-01 20:02:57', '2025-07-01 20:02:57', NULL, 'Historic cave site with archaeological significance and hiking trails.', 'Montgomery City', 'Missouri', '(573) 564-3476', 'https://mostateparks.com/park/graham-cave-state-park', NULL, 1, 0);

-- --------------------------------------------------------

--
-- Table structure for table `scraping_logs`
--

CREATE TABLE `scraping_logs` (
  `id` int NOT NULL,
  `website_id` int NOT NULL,
  `action` varchar(100) NOT NULL,
  `url_scraped` varchar(500) DEFAULT NULL,
  `parks_found` int DEFAULT '0',
  `parks_imported` int DEFAULT '0',
  `errors` text,
  `execution_time` decimal(10,3) DEFAULT NULL,
  `created_at` timestamp NULL DEFAULT CURRENT_TIMESTAMP
) ENGINE=InnoDB DEFAULT CHARSET=utf8mb4 COLLATE=utf8mb4_0900_ai_ci;

-- --------------------------------------------------------

--
-- Table structure for table `states`
--

CREATE TABLE `states` (
  `state_id` int NOT NULL,
  `name` varchar(100) NOT NULL,
  `code` char(2) NOT NULL,
  `created_at` timestamp NULL DEFAULT CURRENT_TIMESTAMP
) ENGINE=InnoDB DEFAULT CHARSET=utf8mb4 COLLATE=utf8mb4_0900_ai_ci;

--
-- Dumping data for table `states`
--

INSERT INTO `states` (`state_id`, `name`, `code`, `created_at`) VALUES
(1, 'Missouri', 'MO', '2025-06-30 19:37:31'),
(2, 'Kansas', 'KS', '2025-06-30 19:37:31'),
(9, 'Nebraska', 'NE', '2025-07-01 06:14:03'),
(10, 'Oklahoma', 'OK', '2025-07-01 06:14:03'),
(13, 'Alabama', 'AL', '2025-07-01 06:20:31'),
(14, 'Alaska', 'AK', '2025-07-01 06:20:31'),
(15, 'Arizona', 'AZ', '2025-07-01 06:20:31'),
(16, 'Arkansas', 'AR', '2025-07-01 06:20:31'),
(17, 'California', 'CA', '2025-07-01 06:20:31'),
(18, 'Colorado', 'CO', '2025-07-01 06:20:31'),
(19, 'Connecticut', 'CT', '2025-07-01 06:20:31'),
(20, 'Delaware', 'DE', '2025-07-01 06:20:31'),
(21, 'Florida', 'FL', '2025-07-01 06:20:31'),
(22, 'Georgia', 'GA', '2025-07-01 06:20:31'),
(23, 'Hawaii', 'HI', '2025-07-01 06:20:31'),
(24, 'Idaho', 'ID', '2025-07-01 06:20:31'),
(25, 'Illinois', 'IL', '2025-07-01 06:20:31'),
(26, 'Indiana', 'IN', '2025-07-01 06:20:31'),
(27, 'Iowa', 'IA', '2025-07-01 06:20:31'),
(28, 'Kentucky', 'KY', '2025-07-01 06:20:31'),
(29, 'Louisiana', 'LA', '2025-07-01 06:20:31'),
(30, 'Maine', 'ME', '2025-07-01 06:20:31'),
(31, 'Maryland', 'MD', '2025-07-01 06:20:31'),
(32, 'Massachusetts', 'MA', '2025-07-01 06:20:31'),
(33, 'Michigan', 'MI', '2025-07-01 06:20:31'),
(34, 'Minnesota', 'MN', '2025-07-01 06:20:31'),
(35, 'Mississippi', 'MS', '2025-07-01 06:20:31'),
(36, 'Montana', 'MT', '2025-07-01 06:20:31'),
(37, 'Nevada', 'NV', '2025-07-01 06:20:31'),
(38, 'New Hampshire', 'NH', '2025-07-01 06:20:31'),
(39, 'New Jersey', 'NJ', '2025-07-01 06:20:31'),
(40, 'New Mexico', 'NM', '2025-07-01 06:20:31'),
(41, 'New York', 'NY', '2025-07-01 06:20:31'),
(42, 'North Carolina', 'NC', '2025-07-01 06:20:31'),
(43, 'North Dakota', 'ND', '2025-07-01 06:20:31'),
(44, 'Ohio', 'OH', '2025-07-01 06:20:31'),
(45, 'Oregon', 'OR', '2025-07-01 06:20:31'),
(46, 'Pennsylvania', 'PA', '2025-07-01 06:20:31'),
(47, 'Rhode Island', 'RI', '2025-07-01 06:20:31'),
(48, 'South Carolina', 'SC', '2025-07-01 06:20:31'),
(49, 'South Dakota', 'SD', '2025-07-01 06:20:31'),
(50, 'Tennessee', 'TN', '2025-07-01 06:20:31'),
(51, 'Texas', 'TX', '2025-07-01 06:20:31'),
(52, 'Utah', 'UT', '2025-07-01 06:20:31'),
(53, 'Vermont', 'VT', '2025-07-01 06:20:31'),
(54, 'Virginia', 'VA', '2025-07-01 06:20:31'),
(55, 'Washington', 'WA', '2025-07-01 06:20:31'),
(56, 'West Virginia', 'WV', '2025-07-01 06:20:31'),
(57, 'Wisconsin', 'WI', '2025-07-01 06:20:31'),
(58, 'Wyoming', 'WY', '2025-07-01 06:20:31'),
(59, 'District of Columbia', 'DC', '2025-07-01 18:45:27');

-- --------------------------------------------------------

--
-- Table structure for table `websites`
--

CREATE TABLE `websites` (
  `website_id` int NOT NULL,
  `url` varchar(255) NOT NULL,
  `description` text NOT NULL,
  `state_id` int DEFAULT NULL,
  `created_at` timestamp NULL DEFAULT CURRENT_TIMESTAMP,
  `updated_at` timestamp NULL DEFAULT CURRENT_TIMESTAMP ON UPDATE CURRENT_TIMESTAMP,
  `scraping_config` json DEFAULT NULL,
  `last_scraped` timestamp NULL DEFAULT NULL,
  `total_parks_found` int DEFAULT '0',
  `total_parks_imported` int DEFAULT '0',
  `status` enum('active','inactive','error') DEFAULT 'active',
  `notes` text
) ENGINE=InnoDB DEFAULT CHARSET=utf8mb4 COLLATE=utf8mb4_0900_ai_ci;

--
-- Dumping data for table `websites`
--

INSERT INTO `websites` (`website_id`, `url`, `description`, `state_id`, `created_at`, `updated_at`, `scraping_config`, `last_scraped`, `total_parks_found`, `total_parks_imported`, `status`, `notes`) VALUES
(1, 'https://lawrenceks.org', 'Official website for the City of Lawrence, Kansas, providing park and recreation information for city parks like Lyons Park and Buford M. Watson Jr. Park.', 2, '2025-07-01 06:20:31', '2025-07-01 21:08:51', '{\"hours_selector\": \".hours, .park-hours\", \"phone_selector\": \".phone, .contact-phone\", \"amenities_selector\": \".amenities-list li, .facilities li\", \"park_name_selector\": \".park-title, h1, .entry-title\", \"park_address_selector\": \".park-address, .address\", \"park_description_selector\": \".park-description, .entry-content\"}', NULL, 0, 0, 'active', 'Scraping configuration for: Official website for the City of Lawrence, Kansas, providing park and recreation information for city parks like Lyons Park and Buford M. Watson Jr. Park.'),
(2, 'https://ksoutdoors.com', 'Official Kansas state parks website, managed by the Kansas Department of Wildlife, Parks and Tourism, with details on parks like Fall River, Perry, and Kanopolis.', 2, '2025-07-01 06:20:31', '2025-07-01 21:08:51', '{\"hours_selector\": \".hours, .park-hours\", \"phone_selector\": \".phone, .contact-phone\", \"amenities_selector\": \".amenities-list li, .facilities li\", \"park_name_selector\": \".park-title, h1, .entry-title\", \"park_address_selector\": \".park-address, .address\", \"park_description_selector\": \".park-description, .entry-content\"}', NULL, 0, 0, 'active', 'Scraping configuration for: Official Kansas state parks website, managed by the Kansas Department of Wildlife, Parks and Tourism, with details on parks like Fall River, Perry, and Kanopolis.'),
(3, 'https://mostateparks.com', 'Official Missouri state parks website, managed by the Missouri Department of Natural Resources, with information on parks like Pershing, St. Joe, and Graham Cave.', 1, '2025-07-01 06:20:31', '2025-07-01 21:08:51', '{\"hours_selector\": \".park-hours, .operating-hours\", \"phone_selector\": \".contact-phone, .park-contact\", \"amenities_selector\": \".amenities li, .facilities-list li\", \"park_name_selector\": \".park-name, h1.park-title\", \"park_address_selector\": \".park-address, .location-info\", \"park_description_selector\": \".park-description, .park-overview\"}', NULL, 0, 0, 'active', 'Missouri state parks website - priority scraping target'),
(4, 'https://www.nps.gov', 'Official National Park Service website, providing information on national parks and historic sites like Fort Larned National Historic Site.', NULL, '2025-07-01 06:20:31', '2025-07-01 21:08:51', '{\"hours_selector\": \".hours, .park-hours\", \"phone_selector\": \".phone, .contact-phone\", \"amenities_selector\": \".amenities-list li, .facilities li\", \"park_name_selector\": \".park-title, h1, .entry-title\", \"park_address_selector\": \".park-address, .address\", \"park_description_selector\": \".park-description, .entry-content\"}', NULL, 0, 0, 'active', 'Scraping configuration for: Official National Park Service website, providing information on national parks and historic sites like Fort Larned National Historic Site.'),
(5, 'https://outdoornebraska.gov', 'Official Nebraska state parks website, managed by the Nebraska Game and Parks Commission, with details on parks like Indian Cave State Park.', 9, '2025-07-01 06:20:31', '2025-07-01 21:08:51', '{\"hours_selector\": \".hours, .park-hours\", \"phone_selector\": \".phone, .contact-phone\", \"amenities_selector\": \".amenities-list li, .facilities li\", \"park_name_selector\": \".park-title, h1, .entry-title\", \"park_address_selector\": \".park-address, .address\", \"park_description_selector\": \".park-description, .entry-content\"}', NULL, 0, 0, 'active', 'Scraping configuration for: Official Nebraska state parks website, managed by the Nebraska Game and Parks Commission, with details on parks like Indian Cave State Park.'),
(6, 'https://www.travelok.com', 'Official Oklahoma state parks website, managed by Oklahoma Tourism and Recreation Department, with information on parks like Robbers Cave and Natural Falls.', 10, '2025-07-01 06:20:31', '2025-07-01 21:08:51', '{\"hours_selector\": \".hours, .park-hours\", \"phone_selector\": \".phone, .contact-phone\", \"amenities_selector\": \".amenities-list li, .facilities li\", \"park_name_selector\": \".park-title, h1, .entry-title\", \"park_address_selector\": \".park-address, .address\", \"park_description_selector\": \".park-description, .entry-content\"}', NULL, 0, 0, 'active', 'Scraping configuration for: Official Oklahoma state parks website, managed by Oklahoma Tourism and Recreation Department, with information on parks like Robbers Cave and Natural Falls.'),
(7, 'https://www.ci.independence.mo.us', 'Official website for the City of Independence, Missouri, providing park and recreation information for city parks like McBaine Park and Swope Memorial Park.', 1, '2025-07-01 06:20:31', '2025-07-01 21:08:51', '{\"hours_selector\": \".hours, .park-hours\", \"phone_selector\": \".phone, .contact-phone\", \"amenities_selector\": \".amenities-list li, .facilities li\", \"park_name_selector\": \".park-title, h1, .entry-title\", \"park_address_selector\": \".park-address, .address\", \"park_description_selector\": \".park-description, .entry-content\"}', NULL, 0, 0, 'active', 'Scraping configuration for: Official website for the City of Independence, Missouri, providing park and recreation information for city parks like McBaine Park and Swope Memorial Park.'),
(8, 'https://www.alapark.com', 'Official Alabama state parks website, managed by the Alabama Department of Conservation and Natural Resources.', 13, '2025-07-01 06:20:31', '2025-07-01 21:08:51', '{\"hours_selector\": \".hours, .park-hours\", \"phone_selector\": \".phone, .contact-phone\", \"amenities_selector\": \".amenities-list li, .facilities li\", \"park_name_selector\": \".park-title, h1, .entry-title\", \"park_address_selector\": \".park-address, .address\", \"park_description_selector\": \".park-description, .entry-content\"}', NULL, 0, 0, 'active', 'Scraping configuration for: Official Alabama state parks website, managed by the Alabama Department of Conservation and Natural Resources.'),
(9, 'https://dnr.alaska.gov/parks', 'Official Alaska state parks website, managed by the Alaska Department of Natural Resources.', 14, '2025-07-01 06:20:31', '2025-07-01 21:08:51', '{\"hours_selector\": \".hours, .park-hours\", \"phone_selector\": \".phone, .contact-phone\", \"amenities_selector\": \".amenities-list li, .facilities li\", \"park_name_selector\": \".park-title, h1, .entry-title\", \"park_address_selector\": \".park-address, .address\", \"park_description_selector\": \".park-description, .entry-content\"}', NULL, 0, 0, 'active', 'Scraping configuration for: Official Alaska state parks website, managed by the Alaska Department of Natural Resources.'),
(10, 'https://azstateparks.com', 'Official Arizona state parks website, managed by Arizona State Parks and Trails.', 15, '2025-07-01 06:20:31', '2025-07-01 21:08:51', '{\"hours_selector\": \".hours, .park-hours\", \"phone_selector\": \".phone, .contact-phone\", \"amenities_selector\": \".amenities-list li, .facilities li\", \"park_name_selector\": \".park-title, h1, .entry-title\", \"park_address_selector\": \".park-address, .address\", \"park_description_selector\": \".park-description, .entry-content\"}', NULL, 0, 0, 'active', 'Scraping configuration for: Official Arizona state parks website, managed by Arizona State Parks and Trails.'),
(11, 'https://www.arkansasstateparks.com', 'Official Arkansas state parks website, managed by the Arkansas Department of Parks, Heritage, and Tourism.', 16, '2025-07-01 06:20:31', '2025-07-01 21:08:51', '{\"hours_selector\": \".hours, .park-hours\", \"phone_selector\": \".phone, .contact-phone\", \"amenities_selector\": \".amenities-list li, .facilities li\", \"park_name_selector\": \".park-title, h1, .entry-title\", \"park_address_selector\": \".park-address, .address\", \"park_description_selector\": \".park-description, .entry-content\"}', NULL, 0, 0, 'active', 'Scraping configuration for: Official Arkansas state parks website, managed by the Arkansas Department of Parks, Heritage, and Tourism.'),
(12, 'https://www.parks.ca.gov', 'Official California state parks website, managed by the California Department of Parks and Recreation.', 17, '2025-07-01 06:20:31', '2025-07-01 21:08:51', '{\"hours_selector\": \".hours, .park-hours\", \"phone_selector\": \".phone, .contact-phone\", \"amenities_selector\": \".amenities-list li, .facilities li\", \"park_name_selector\": \".park-title, h1, .entry-title\", \"park_address_selector\": \".park-address, .address\", \"park_description_selector\": \".park-description, .entry-content\"}', NULL, 0, 0, 'active', 'Scraping configuration for: Official California state parks website, managed by the California Department of Parks and Recreation.'),
(13, 'https://cpw.state.co.us', 'Official Colorado state parks website, managed by Colorado Parks and Wildlife.', 18, '2025-07-01 06:20:31', '2025-07-01 21:08:51', '{\"hours_selector\": \".hours, .park-hours\", \"phone_selector\": \".phone, .contact-phone\", \"amenities_selector\": \".amenities-list li, .facilities li\", \"park_name_selector\": \".park-title, h1, .entry-title\", \"park_address_selector\": \".park-address, .address\", \"park_description_selector\": \".park-description, .entry-content\"}', NULL, 0, 0, 'active', 'Scraping configuration for: Official Colorado state parks website, managed by Colorado Parks and Wildlife.'),
(14, 'https://www.ct.gov/deep/stateparks', 'Official Connecticut state parks website, managed by the Connecticut Department of Energy and Environmental Protection.', 19, '2025-07-01 06:20:31', '2025-07-01 21:08:51', '{\"hours_selector\": \".hours, .park-hours\", \"phone_selector\": \".phone, .contact-phone\", \"amenities_selector\": \".amenities-list li, .facilities li\", \"park_name_selector\": \".park-title, h1, .entry-title\", \"park_address_selector\": \".park-address, .address\", \"park_description_selector\": \".park-description, .entry-content\"}', NULL, 0, 0, 'active', 'Scraping configuration for: Official Connecticut state parks website, managed by the Connecticut Department of Energy and Environmental Protection.'),
(15, 'https://destateparks.com', 'Official Delaware state parks website, managed by the Delaware Department of Natural Resources and Environmental Control.', 20, '2025-07-01 06:20:31', '2025-07-01 21:08:51', '{\"hours_selector\": \".hours, .park-hours\", \"phone_selector\": \".phone, .contact-phone\", \"amenities_selector\": \".amenities-list li, .facilities li\", \"park_name_selector\": \".park-title, h1, .entry-title\", \"park_address_selector\": \".park-address, .address\", \"park_description_selector\": \".park-description, .entry-content\"}', NULL, 0, 0, 'active', 'Scraping configuration for: Official Delaware state parks website, managed by the Delaware Department of Natural Resources and Environmental Control.'),
(16, 'https://www.floridastateparks.org', 'Official Florida state parks website, managed by the Florida Department of Environmental Protection.', 21, '2025-07-01 06:20:31', '2025-07-01 21:08:51', '{\"hours_selector\": \".hours, .park-hours\", \"phone_selector\": \".phone, .contact-phone\", \"amenities_selector\": \".amenities-list li, .facilities li\", \"park_name_selector\": \".park-title, h1, .entry-title\", \"park_address_selector\": \".park-address, .address\", \"park_description_selector\": \".park-description, .entry-content\"}', NULL, 0, 0, 'active', 'Scraping configuration for: Official Florida state parks website, managed by the Florida Department of Environmental Protection.'),
(17, 'https://gastateparks.org', 'Official Georgia state parks website, managed by the Georgia Department of Natural Resources.', 22, '2025-07-01 06:20:31', '2025-07-01 21:08:51', '{\"hours_selector\": \".hours, .park-hours\", \"phone_selector\": \".phone, .contact-phone\", \"amenities_selector\": \".amenities-list li, .facilities li\", \"park_name_selector\": \".park-title, h1, .entry-title\", \"park_address_selector\": \".park-address, .address\", \"park_description_selector\": \".park-description, .entry-content\"}', NULL, 0, 0, 'active', 'Scraping configuration for: Official Georgia state parks website, managed by the Georgia Department of Natural Resources.'),
(18, 'https://dlnr.hawaii.gov/dsp', 'Official Hawaii state parks website, managed by the Hawaii Department of Land and Natural Resources.', 23, '2025-07-01 06:20:31', '2025-07-01 21:08:51', '{\"hours_selector\": \".hours, .park-hours\", \"phone_selector\": \".phone, .contact-phone\", \"amenities_selector\": \".amenities-list li, .facilities li\", \"park_name_selector\": \".park-title, h1, .entry-title\", \"park_address_selector\": \".park-address, .address\", \"park_description_selector\": \".park-description, .entry-content\"}', NULL, 0, 0, 'active', 'Scraping configuration for: Official Hawaii state parks website, managed by the Hawaii Department of Land and Natural Resources.'),
(19, 'https://parksandrecreation.idaho.gov', 'Official Idaho state parks website, managed by the Idaho Department of Parks and Recreation.', 24, '2025-07-01 06:20:31', '2025-07-01 21:08:51', '{\"hours_selector\": \".hours, .park-hours\", \"phone_selector\": \".phone, .contact-phone\", \"amenities_selector\": \".amenities-list li, .facilities li\", \"park_name_selector\": \".park-title, h1, .entry-title\", \"park_address_selector\": \".park-address, .address\", \"park_description_selector\": \".park-description, .entry-content\"}', NULL, 0, 0, 'active', 'Scraping configuration for: Official Idaho state parks website, managed by the Idaho Department of Parks and Recreation.'),
(20, 'https://www2.illinois.gov/dnr/parks', 'Official Illinois state parks website, managed by the Illinois Department of Natural Resources.', 25, '2025-07-01 06:20:31', '2025-07-01 21:08:51', '{\"hours_selector\": \".hours, .park-hours\", \"phone_selector\": \".phone, .contact-phone\", \"amenities_selector\": \".amenities-list li, .facilities li\", \"park_name_selector\": \".park-title, h1, .entry-title\", \"park_address_selector\": \".park-address, .address\", \"park_description_selector\": \".park-description, .entry-content\"}', NULL, 0, 0, 'active', 'Scraping configuration for: Official Illinois state parks website, managed by the Illinois Department of Natural Resources.'),
(21, 'https://www.in.gov/dnr/state-parks', 'Official Indiana state parks website, managed by the Indiana Department of Natural Resources.', 26, '2025-07-01 06:20:31', '2025-07-01 21:08:51', '{\"hours_selector\": \".hours, .park-hours\", \"phone_selector\": \".phone, .contact-phone\", \"amenities_selector\": \".amenities-list li, .facilities li\", \"park_name_selector\": \".park-title, h1, .entry-title\", \"park_address_selector\": \".park-address, .address\", \"park_description_selector\": \".park-description, .entry-content\"}', NULL, 0, 0, 'active', 'Scraping configuration for: Official Indiana state parks website, managed by the Indiana Department of Natural Resources.'),
(22, 'https://www.iowadnr.gov/Places-to-Go/State-Parks', 'Official Iowa state parks website, managed by the Iowa Department of Natural Resources.', 27, '2025-07-01 06:20:31', '2025-07-01 21:08:51', '{\"hours_selector\": \".hours, .park-hours\", \"phone_selector\": \".phone, .contact-phone\", \"amenities_selector\": \".amenities-list li, .facilities li\", \"park_name_selector\": \".park-title, h1, .entry-title\", \"park_address_selector\": \".park-address, .address\", \"park_description_selector\": \".park-description, .entry-content\"}', NULL, 0, 0, 'active', 'Scraping configuration for: Official Iowa state parks website, managed by the Iowa Department of Natural Resources.'),
(23, 'https://parks.ky.gov', 'Official Kentucky state parks website, managed by the Kentucky Department of Parks.', 28, '2025-07-01 06:20:31', '2025-07-01 21:08:51', '{\"hours_selector\": \".hours, .park-hours\", \"phone_selector\": \".phone, .contact-phone\", \"amenities_selector\": \".amenities-list li, .facilities li\", \"park_name_selector\": \".park-title, h1, .entry-title\", \"park_address_selector\": \".park-address, .address\", \"park_description_selector\": \".park-description, .entry-content\"}', NULL, 0, 0, 'active', 'Scraping configuration for: Official Kentucky state parks website, managed by the Kentucky Department of Parks.'),
(24, 'https://www.crt.state.la.us/louisiana-state-parks', 'Official Louisiana state parks website, managed by the Louisiana Office of State Parks.', 29, '2025-07-01 06:20:31', '2025-07-01 21:08:51', '{\"hours_selector\": \".hours, .park-hours\", \"phone_selector\": \".phone, .contact-phone\", \"amenities_selector\": \".amenities-list li, .facilities li\", \"park_name_selector\": \".park-title, h1, .entry-title\", \"park_address_selector\": \".park-address, .address\", \"park_description_selector\": \".park-description, .entry-content\"}', NULL, 0, 0, 'active', 'Scraping configuration for: Official Louisiana state parks website, managed by the Louisiana Office of State Parks.'),
(25, 'https://www.maine.gov/dacf/parks', 'Official Maine state parks website, managed by the Maine Department of Agriculture, Conservation and Forestry.', 30, '2025-07-01 06:20:31', '2025-07-01 21:08:51', '{\"hours_selector\": \".hours, .park-hours\", \"phone_selector\": \".phone, .contact-phone\", \"amenities_selector\": \".amenities-list li, .facilities li\", \"park_name_selector\": \".park-title, h1, .entry-title\", \"park_address_selector\": \".park-address, .address\", \"park_description_selector\": \".park-description, .entry-content\"}', NULL, 0, 0, 'active', 'Scraping configuration for: Official Maine state parks website, managed by the Maine Department of Agriculture, Conservation and Forestry.'),
(26, 'https://dnr.maryland.gov/Publiclands/Pages/default.aspx', 'Official Maryland state parks website, managed by the Maryland Department of Natural Resources.', 31, '2025-07-01 06:20:31', '2025-07-01 21:08:51', '{\"hours_selector\": \".hours, .park-hours\", \"phone_selector\": \".phone, .contact-phone\", \"amenities_selector\": \".amenities-list li, .facilities li\", \"park_name_selector\": \".park-title, h1, .entry-title\", \"park_address_selector\": \".park-address, .address\", \"park_description_selector\": \".park-description, .entry-content\"}', NULL, 0, 0, 'active', 'Scraping configuration for: Official Maryland state parks website, managed by the Maryland Department of Natural Resources.'),
(27, 'https://www.mass.gov/orgs/department-of-conservation-and-recreation', 'Official Massachusetts state parks website, managed by the Massachusetts Department of Conservation and Recreation.', 32, '2025-07-01 06:20:31', '2025-07-01 21:08:51', '{\"hours_selector\": \".hours, .park-hours\", \"phone_selector\": \".phone, .contact-phone\", \"amenities_selector\": \".amenities-list li, .facilities li\", \"park_name_selector\": \".park-title, h1, .entry-title\", \"park_address_selector\": \".park-address, .address\", \"park_description_selector\": \".park-description, .entry-content\"}', NULL, 0, 0, 'active', 'Scraping configuration for: Official Massachusetts state parks website, managed by the Massachusetts Department of Conservation and Recreation.'),
(28, 'https://www.michigan.gov/dnr/places/state-parks', 'Official Michigan state parks website, managed by the Michigan Department of Natural Resources.', 33, '2025-07-01 06:20:31', '2025-07-01 21:08:51', '{\"hours_selector\": \".hours, .park-hours\", \"phone_selector\": \".phone, .contact-phone\", \"amenities_selector\": \".amenities-list li, .facilities li\", \"park_name_selector\": \".park-title, h1, .entry-title\", \"park_address_selector\": \".park-address, .address\", \"park_description_selector\": \".park-description, .entry-content\"}', NULL, 0, 0, 'active', 'Scraping configuration for: Official Michigan state parks website, managed by the Michigan Department of Natural Resources.'),
(29, 'https://www.dnr.state.mn.us/state_parks', 'Official Minnesota state parks website, managed by the Minnesota Department of Natural Resources.', 34, '2025-07-01 06:20:31', '2025-07-01 21:08:51', '{\"hours_selector\": \".hours, .park-hours\", \"phone_selector\": \".phone, .contact-phone\", \"amenities_selector\": \".amenities-list li, .facilities li\", \"park_name_selector\": \".park-title, h1, .entry-title\", \"park_address_selector\": \".park-address, .address\", \"park_description_selector\": \".park-description, .entry-content\"}', NULL, 0, 0, 'active', 'Scraping configuration for: Official Minnesota state parks website, managed by the Minnesota Department of Natural Resources.'),
(30, 'https://www.mdwfp.com/parks-recreation/state-parks', 'Official Mississippi state parks website, managed by the Mississippi Department of Wildlife, Fisheries, and Parks.', 35, '2025-07-01 06:20:31', '2025-07-01 21:08:51', '{\"hours_selector\": \".hours, .park-hours\", \"phone_selector\": \".phone, .contact-phone\", \"amenities_selector\": \".amenities-list li, .facilities li\", \"park_name_selector\": \".park-title, h1, .entry-title\", \"park_address_selector\": \".park-address, .address\", \"park_description_selector\": \".park-description, .entry-content\"}', NULL, 0, 0, 'active', 'Scraping configuration for: Official Mississippi state parks website, managed by the Mississippi Department of Wildlife, Fisheries, and Parks.'),
(31, 'https://www.mt.gov/stateparks', 'Official Montana state parks website, managed by Montana Fish, Wildlife & Parks.', 36, '2025-07-01 06:20:31', '2025-07-01 21:08:51', '{\"hours_selector\": \".hours, .park-hours\", \"phone_selector\": \".phone, .contact-phone\", \"amenities_selector\": \".amenities-list li, .facilities li\", \"park_name_selector\": \".park-title, h1, .entry-title\", \"park_address_selector\": \".park-address, .address\", \"park_description_selector\": \".park-description, .entry-content\"}', NULL, 0, 0, 'active', 'Scraping configuration for: Official Montana state parks website, managed by Montana Fish, Wildlife & Parks.'),
(32, 'https://www.parks.nv.gov', 'Official Nevada state parks website, managed by the Nevada Division of State Parks.', 37, '2025-07-01 06:20:31', '2025-07-01 21:08:51', '{\"hours_selector\": \".hours, .park-hours\", \"phone_selector\": \".phone, .contact-phone\", \"amenities_selector\": \".amenities-list li, .facilities li\", \"park_name_selector\": \".park-title, h1, .entry-title\", \"park_address_selector\": \".park-address, .address\", \"park_description_selector\": \".park-description, .entry-content\"}', NULL, 0, 0, 'active', 'Scraping configuration for: Official Nevada state parks website, managed by the Nevada Division of State Parks.'),
(33, 'https://www.nhstateparks.org', 'Official New Hampshire state parks website, managed by the New Hampshire Division of Parks and Recreation.', 38, '2025-07-01 06:20:31', '2025-07-01 21:08:51', '{\"hours_selector\": \".hours, .park-hours\", \"phone_selector\": \".phone, .contact-phone\", \"amenities_selector\": \".amenities-list li, .facilities li\", \"park_name_selector\": \".park-title, h1, .entry-title\", \"park_address_selector\": \".park-address, .address\", \"park_description_selector\": \".park-description, .entry-content\"}', NULL, 0, 0, 'active', 'Scraping configuration for: Official New Hampshire state parks website, managed by the New Hampshire Division of Parks and Recreation.'),
(34, 'https://www.nj.gov/dep/parksandforests', 'Official New Jersey state parks website, managed by the New Jersey Department of Environmental Protection.', 39, '2025-07-01 06:20:31', '2025-07-01 21:08:51', '{\"hours_selector\": \".hours, .park-hours\", \"phone_selector\": \".phone, .contact-phone\", \"amenities_selector\": \".amenities-list li, .facilities li\", \"park_name_selector\": \".park-title, h1, .entry-title\", \"park_address_selector\": \".park-address, .address\", \"park_description_selector\": \".park-description, .entry-content\"}', NULL, 0, 0, 'active', 'Scraping configuration for: Official New Jersey state parks website, managed by the New Jersey Department of Environmental Protection.'),
(35, 'https://www.emnrd.nm.gov/state-parks', 'Official New Mexico state parks website, managed by the New Mexico Energy, Minerals and Natural Resources Department.', 40, '2025-07-01 06:20:31', '2025-07-01 21:08:51', '{\"hours_selector\": \".hours, .park-hours\", \"phone_selector\": \".phone, .contact-phone\", \"amenities_selector\": \".amenities-list li, .facilities li\", \"park_name_selector\": \".park-title, h1, .entry-title\", \"park_address_selector\": \".park-address, .address\", \"park_description_selector\": \".park-description, .entry-content\"}', NULL, 0, 0, 'active', 'Scraping configuration for: Official New Mexico state parks website, managed by the New Mexico Energy, Minerals and Natural Resources Department.'),
(36, 'https://parks.ny.gov', 'Official New York state parks website, managed by the New York State Office of Parks, Recreation and Historic Preservation.', 41, '2025-07-01 06:20:31', '2025-07-01 21:08:51', '{\"hours_selector\": \".hours, .park-hours\", \"phone_selector\": \".phone, .contact-phone\", \"amenities_selector\": \".amenities-list li, .facilities li\", \"park_name_selector\": \".park-title, h1, .entry-title\", \"park_address_selector\": \".park-address, .address\", \"park_description_selector\": \".park-description, .entry-content\"}', NULL, 0, 0, 'active', 'Scraping configuration for: Official New York state parks website, managed by the New York State Office of Parks, Recreation and Historic Preservation.'),
(37, 'https://www.ncparks.gov', 'Official North Carolina state parks website, managed by the North Carolina Division of Parks and Recreation.', 42, '2025-07-01 06:20:31', '2025-07-01 21:08:51', '{\"hours_selector\": \".hours, .park-hours\", \"phone_selector\": \".phone, .contact-phone\", \"amenities_selector\": \".amenities-list li, .facilities li\", \"park_name_selector\": \".park-title, h1, .entry-title\", \"park_address_selector\": \".park-address, .address\", \"park_description_selector\": \".park-description, .entry-content\"}', NULL, 0, 0, 'active', 'Scraping configuration for: Official North Carolina state parks website, managed by the North Carolina Division of Parks and Recreation.'),
(38, 'https://www.parkrec.nd.gov', 'Official North Dakota state parks website, managed by the North Dakota Parks and Recreation Department.', 43, '2025-07-01 06:20:31', '2025-07-01 21:08:51', '{\"hours_selector\": \".hours, .park-hours\", \"phone_selector\": \".phone, .contact-phone\", \"amenities_selector\": \".amenities-list li, .facilities li\", \"park_name_selector\": \".park-title, h1, .entry-title\", \"park_address_selector\": \".park-address, .address\", \"park_description_selector\": \".park-description, .entry-content\"}', NULL, 0, 0, 'active', 'Scraping configuration for: Official North Dakota state parks website, managed by the North Dakota Parks and Recreation Department.'),
(39, 'https://ohiodnr.gov/go-and-do/plan-a-visit/find-a-property', 'Official Ohio state parks website, managed by the Ohio Department of Natural Resources.', 44, '2025-07-01 06:20:31', '2025-07-01 21:08:51', '{\"hours_selector\": \".hours, .park-hours\", \"phone_selector\": \".phone, .contact-phone\", \"amenities_selector\": \".amenities-list li, .facilities li\", \"park_name_selector\": \".park-title, h1, .entry-title\", \"park_address_selector\": \".park-address, .address\", \"park_description_selector\": \".park-description, .entry-content\"}', NULL, 0, 0, 'active', 'Scraping configuration for: Official Ohio state parks website, managed by the Ohio Department of Natural Resources.'),
(40, 'https://www.oregon.gov/oprd/parks', 'Official Oregon state parks website, managed by the Oregon Parks and Recreation Department.', 45, '2025-07-01 06:20:31', '2025-07-01 21:08:51', '{\"hours_selector\": \".hours, .park-hours\", \"phone_selector\": \".phone, .contact-phone\", \"amenities_selector\": \".amenities-list li, .facilities li\", \"park_name_selector\": \".park-title, h1, .entry-title\", \"park_address_selector\": \".park-address, .address\", \"park_description_selector\": \".park-description, .entry-content\"}', NULL, 0, 0, 'active', 'Scraping configuration for: Official Oregon state parks website, managed by the Oregon Parks and Recreation Department.'),
(41, 'https://www.dcnr.pa.gov/StateParks', 'Official Pennsylvania state parks website, managed by the Pennsylvania Department of Conservation and Natural Resources.', 46, '2025-07-01 06:20:31', '2025-07-01 21:08:51', '{\"hours_selector\": \".hours, .park-hours\", \"phone_selector\": \".phone, .contact-phone\", \"amenities_selector\": \".amenities-list li, .facilities li\", \"park_name_selector\": \".park-title, h1, .entry-title\", \"park_address_selector\": \".park-address, .address\", \"park_description_selector\": \".park-description, .entry-content\"}', NULL, 0, 0, 'active', 'Scraping configuration for: Official Pennsylvania state parks website, managed by the Pennsylvania Department of Conservation and Natural Resources.'),
(42, 'https://riparks.com', 'Official Rhode Island state parks website, managed by the Rhode Island Department of Environmental Management.', 47, '2025-07-01 06:20:31', '2025-07-01 21:08:51', '{\"hours_selector\": \".hours, .park-hours\", \"phone_selector\": \".phone, .contact-phone\", \"amenities_selector\": \".amenities-list li, .facilities li\", \"park_name_selector\": \".park-title, h1, .entry-title\", \"park_address_selector\": \".park-address, .address\", \"park_description_selector\": \".park-description, .entry-content\"}', NULL, 0, 0, 'active', 'Scraping configuration for: Official Rhode Island state parks website, managed by the Rhode Island Department of Environmental Management.'),
(43, 'https://www.southcarolinaparks.com', 'Official South Carolina state parks website, managed by the South Carolina Department of Parks, Recreation & Tourism.', 48, '2025-07-01 06:20:31', '2025-07-01 21:08:51', '{\"hours_selector\": \".hours, .park-hours\", \"phone_selector\": \".phone, .contact-phone\", \"amenities_selector\": \".amenities-list li, .facilities li\", \"park_name_selector\": \".park-title, h1, .entry-title\", \"park_address_selector\": \".park-address, .address\", \"park_description_selector\": \".park-description, .entry-content\"}', NULL, 0, 0, 'active', 'Scraping configuration for: Official South Carolina state parks website, managed by the South Carolina Department of Parks, Recreation & Tourism.'),
(44, 'https://gfp.sd.gov/parks', 'Official South Dakota state parks website, managed by the South Dakota Game, Fish and Parks Department.', 49, '2025-07-01 06:20:31', '2025-07-01 21:08:51', '{\"hours_selector\": \".hours, .park-hours\", \"phone_selector\": \".phone, .contact-phone\", \"amenities_selector\": \".amenities-list li, .facilities li\", \"park_name_selector\": \".park-title, h1, .entry-title\", \"park_address_selector\": \".park-address, .address\", \"park_description_selector\": \".park-description, .entry-content\"}', NULL, 0, 0, 'active', 'Scraping configuration for: Official South Dakota state parks website, managed by the South Dakota Game, Fish and Parks Department.'),
(45, 'https://www.tnstateparks.com', 'Official Tennessee state parks website, managed by the Tennessee Department of Environment and Conservation.', 50, '2025-07-01 06:20:31', '2025-07-01 21:08:51', '{\"hours_selector\": \".hours, .park-hours\", \"phone_selector\": \".phone, .contact-phone\", \"amenities_selector\": \".amenities-list li, .facilities li\", \"park_name_selector\": \".park-title, h1, .entry-title\", \"park_address_selector\": \".park-address, .address\", \"park_description_selector\": \".park-description, .entry-content\"}', NULL, 0, 0, 'active', 'Scraping configuration for: Official Tennessee state parks website, managed by the Tennessee Department of Environment and Conservation.'),
(46, 'https://tpwd.texas.gov/state-parks', 'Official Texas state parks website, managed by the Texas Parks and Wildlife Department.', 51, '2025-07-01 06:20:31', '2025-07-01 21:08:51', '{\"hours_selector\": \".hours, .park-hours\", \"phone_selector\": \".phone, .contact-phone\", \"amenities_selector\": \".amenities-list li, .facilities li\", \"park_name_selector\": \".park-title, h1, .entry-title\", \"park_address_selector\": \".park-address, .address\", \"park_description_selector\": \".park-description, .entry-content\"}', NULL, 0, 0, 'active', 'Scraping configuration for: Official Texas state parks website, managed by the Texas Parks and Wildlife Department.'),
(47, 'https://stateparks.utah.gov', 'Official Utah state parks website, managed by the Utah Division of State Parks.', 52, '2025-07-01 06:20:31', '2025-07-01 21:08:51', '{\"hours_selector\": \".hours, .park-hours\", \"phone_selector\": \".phone, .contact-phone\", \"amenities_selector\": \".amenities-list li, .facilities li\", \"park_name_selector\": \".park-title, h1, .entry-title\", \"park_address_selector\": \".park-address, .address\", \"park_description_selector\": \".park-description, .entry-content\"}', NULL, 0, 0, 'active', 'Scraping configuration for: Official Utah state parks website, managed by the Utah Division of State Parks.'),
(48, 'https://vtstateparks.com', 'Official Vermont state parks website, managed by the Vermont Department of Forests, Parks and Recreation.', 53, '2025-07-01 06:20:31', '2025-07-01 21:08:51', '{\"hours_selector\": \".hours, .park-hours\", \"phone_selector\": \".phone, .contact-phone\", \"amenities_selector\": \".amenities-list li, .facilities li\", \"park_name_selector\": \".park-title, h1, .entry-title\", \"park_address_selector\": \".park-address, .address\", \"park_description_selector\": \".park-description, .entry-content\"}', NULL, 0, 0, 'active', 'Scraping configuration for: Official Vermont state parks website, managed by the Vermont Department of Forests, Parks and Recreation.'),
(49, 'https://www.dcr.virginia.gov/state-parks', 'Official Virginia state parks website, managed by the Virginia Department of Conservation and Recreation.', 54, '2025-07-01 06:20:31', '2025-07-01 21:08:51', '{\"hours_selector\": \".hours, .park-hours\", \"phone_selector\": \".phone, .contact-phone\", \"amenities_selector\": \".amenities-list li, .facilities li\", \"park_name_selector\": \".park-title, h1, .entry-title\", \"park_address_selector\": \".park-address, .address\", \"park_description_selector\": \".park-description, .entry-content\"}', NULL, 0, 0, 'active', 'Scraping configuration for: Official Virginia state parks website, managed by the Virginia Department of Conservation and Recreation.'),
(50, 'https://parks.wa.gov', 'Official Washington state parks website, managed by the Washington State Parks and Recreation Commission.', 55, '2025-07-01 06:20:31', '2025-07-01 21:08:51', '{\"hours_selector\": \".hours, .park-hours\", \"phone_selector\": \".phone, .contact-phone\", \"amenities_selector\": \".amenities-list li, .facilities li\", \"park_name_selector\": \".park-title, h1, .entry-title\", \"park_address_selector\": \".park-address, .address\", \"park_description_selector\": \".park-description, .entry-content\"}', NULL, 0, 0, 'active', 'Scraping configuration for: Official Washington state parks website, managed by the Washington State Parks and Recreation Commission.'),
(51, 'https://wvstateparks.com', 'Official West Virginia state parks website, managed by the West Virginia Division of Natural Resources.', 56, '2025-07-01 06:20:31', '2025-07-01 21:08:51', '{\"hours_selector\": \".hours, .park-hours\", \"phone_selector\": \".phone, .contact-phone\", \"amenities_selector\": \".amenities-list li, .facilities li\", \"park_name_selector\": \".park-title, h1, .entry-title\", \"park_address_selector\": \".park-address, .address\", \"park_description_selector\": \".park-description, .entry-content\"}', NULL, 0, 0, 'active', 'Scraping configuration for: Official West Virginia state parks website, managed by the West Virginia Division of Natural Resources.'),
(52, 'https://dnr.wisconsin.gov/topic/parks', 'Official Wisconsin state parks website, managed by the Wisconsin Department of Natural Resources.', 57, '2025-07-01 06:20:31', '2025-07-01 21:08:51', '{\"hours_selector\": \".hours, .park-hours\", \"phone_selector\": \".phone, .contact-phone\", \"amenities_selector\": \".amenities-list li, .facilities li\", \"park_name_selector\": \".park-title, h1, .entry-title\", \"park_address_selector\": \".park-address, .address\", \"park_description_selector\": \".park-description, .entry-content\"}', NULL, 0, 0, 'active', 'Scraping configuration for: Official Wisconsin state parks website, managed by the Wisconsin Department of Natural Resources.'),
(53, 'https://wyoparks.wyo.gov', 'Official Wyoming state parks website, managed by the Wyoming State Parks, Historic Sites & Trails.', 58, '2025-07-01 06:20:31', '2025-07-01 21:08:51', '{\"hours_selector\": \".hours, .park-hours\", \"phone_selector\": \".phone, .contact-phone\", \"amenities_selector\": \".amenities-list li, .facilities li\", \"park_name_selector\": \".park-title, h1, .entry-title\", \"park_address_selector\": \".park-address, .address\", \"park_description_selector\": \".park-description, .entry-content\"}', NULL, 0, 0, 'active', 'Scraping configuration for: Official Wyoming state parks website, managed by the Wyoming State Parks, Historic Sites & Trails.');

-- --------------------------------------------------------

--
-- Table structure for table `zip_codes`
--

CREATE TABLE `zip_codes` (
  `zip_code_id` int NOT NULL,
  `code` varchar(20) NOT NULL,
  `city_id` int NOT NULL,
  `created_at` timestamp NULL DEFAULT CURRENT_TIMESTAMP
) ENGINE=InnoDB DEFAULT CHARSET=utf8mb4 COLLATE=utf8mb4_0900_ai_ci;

--
-- Dumping data for table `zip_codes`
--

INSERT INTO `zip_codes` (`zip_code_id`, `code`, `city_id`, `created_at`) VALUES
(1, '64132', 1, '2025-06-30 19:37:31'),
(2, '64112', 1, '2025-06-30 19:37:31'),
(3, '66109', 2, '2025-06-30 19:37:31'),
(4, '64108', 1, '2025-06-30 19:37:31'),
(5, '64105', 1, '2025-06-30 19:40:06'),
(6, '64106', 1, '2025-06-30 19:40:06'),
(7, '64134', 1, '2025-06-30 19:40:06'),
(8, '64116', 1, '2025-06-30 19:40:06'),
(9, '66202', 4, '2025-06-30 19:40:06'),
(10, '66215', 5, '2025-06-30 19:40:06'),
(11, '64081', 6, '2025-06-30 19:40:06'),
(12, '64139', 1, '2025-06-30 19:40:06'),
(13, '66211', 7, '2025-06-30 19:40:06'),
(14, '66104', 2, '2025-06-30 19:40:06'),
(15, '66223', 8, '2025-06-30 19:40:06'),
(16, '64055', 9, '2025-06-30 19:43:32'),
(17, '64083', 10, '2025-06-30 19:43:32'),
(18, '64118', 11, '2025-06-30 19:43:32'),
(19, '66208', 12, '2025-06-30 19:43:32'),
(20, '66061', 13, '2025-06-30 19:43:32'),
(21, '64117', 15, '2025-06-30 19:43:32'),
(22, '64133', 1, '2025-06-30 19:43:32'),
(23, '64119', 1, '2025-06-30 19:43:32'),
(24, '64131', 1, '2025-06-30 19:43:32'),
(25, '64127', 1, '2025-06-30 19:43:32'),
(26, '64130', 1, '2025-06-30 19:43:32'),
(27, '64110', 1, '2025-06-30 19:43:32'),
(28, '66216', 14, '2025-06-30 19:43:32'),
(29, '64155', 1, '2025-06-30 19:43:32'),
(30, '64109', 1, '2025-06-30 19:43:32'),
(31, '64114', 1, '2025-06-30 19:43:32'),
(32, '64137', 1, '2025-06-30 19:43:32'),
(33, '64123', 1, '2025-06-30 19:43:32'),
(34, '64124', 1, '2025-06-30 19:43:32'),
(35, '64128', 1, '2025-06-30 19:43:32'),
(36, '64129', 1, '2025-06-30 19:43:32'),
(37, '64113', 1, '2025-06-30 19:43:32'),
(38, '64064', 6, '2025-06-30 19:43:32'),
(39, '64156', 1, '2025-06-30 19:43:32'),
(64, '66212', 8, '2025-07-01 03:06:55'),
(65, '66219', 5, '2025-07-01 03:06:55'),
(66, '66203', 14, '2025-07-01 03:06:55'),
(67, '66207', 12, '2025-07-01 03:06:55'),
(68, '66209', 7, '2025-07-01 03:06:55'),
(69, '66106', 2, '2025-07-01 03:06:55'),
(70, '66062', 13, '2025-07-01 03:06:55'),
(71, '66204', 8, '2025-07-01 03:06:55'),
(72, '64146', 1, '2025-07-01 03:06:55'),
(73, '64145', 1, '2025-07-01 03:06:55'),
(74, '64050', 9, '2025-07-01 03:06:55'),
(75, '66205', 25, '2025-07-01 03:06:55'),
(77, '66210', 8, '2025-07-01 03:14:45'),
(78, '66213', 8, '2025-07-01 03:14:45'),
(79, '66214', 5, '2025-07-01 03:14:45'),
(80, '66205', 26, '2025-07-01 03:14:45'),
(81, '66007', 27, '2025-07-01 03:14:45'),
(82, '64102', 1, '2025-07-01 03:14:45'),
(83, '64126', 1, '2025-07-01 03:14:45'),
(84, '64138', 1, '2025-07-01 03:14:45'),
(85, '64120', 1, '2025-07-01 03:14:45'),
(86, '64111', 1, '2025-07-01 03:14:45'),
(87, '64052', 9, '2025-07-01 03:14:45'),
(88, '64151', 1, '2025-07-01 03:14:45'),
(89, '66205', 28, '2025-07-01 03:14:45'),
(91, '66047', 29, '2025-07-01 05:41:46'),
(92, '64062', 30, '2025-07-01 05:41:46'),
(93, '64098', 31, '2025-07-01 05:41:46'),
(94, '65336', 32, '2025-07-01 05:41:46'),
(95, '66044', 29, '2025-07-01 05:44:41'),
(96, '67042', 33, '2025-07-01 05:44:41'),
(97, '64683', 34, '2025-07-01 05:44:41'),
(98, '63501', 35, '2025-07-01 05:44:41'),
(100, '67456', 38, '2025-07-01 06:08:53'),
(101, '67025', 39, '2025-07-01 06:08:53'),
(102, '66002', 40, '2025-07-01 06:08:53'),
(103, '65203', 41, '2025-07-01 06:08:53'),
(104, '65047', 42, '2025-07-01 06:08:53'),
(105, '64429', 43, '2025-07-01 06:08:53'),
(108, '66777', 46, '2025-07-01 06:14:04'),
(109, '66070', 47, '2025-07-01 06:14:04'),
(110, '67550', 48, '2025-07-01 06:14:04'),
(111, '64651', 49, '2025-07-01 06:14:04'),
(112, '63601', 50, '2025-07-01 06:14:04'),
(113, '63361', 51, '2025-07-01 06:14:04'),
(114, '68437', 52, '2025-07-01 06:14:04'),
(115, '74578', 53, '2025-07-01 06:14:04'),
(116, '74338', 54, '2025-07-01 06:14:04'),
(118, '66046', 29, '2025-07-01 06:24:53'),
(119, '66049', 29, '2025-07-01 06:24:53'),
(124, '67637', 58, '2025-07-01 17:49:29'),
(125, '66734', 59, '2025-07-01 17:49:29'),
(126, '66864', 60, '2025-07-01 17:49:29'),
(127, '67671', 61, '2025-07-01 17:49:29'),
(128, '67871', 62, '2025-07-01 17:49:29'),
(129, '66970', 63, '2025-07-01 17:49:29'),
(130, '66507', 64, '2025-07-01 17:49:29'),
(131, '66547', 65, '2025-07-01 17:49:29'),
(132, '67653', 66, '2025-07-01 17:49:29'),
(133, '66502', 67, '2025-07-01 17:49:29'),
(134, '67665', 68, '2025-07-01 17:49:29'),
(135, '67480', 69, '2025-07-01 17:49:29'),
(136, '66071', 70, '2025-07-01 17:49:29'),
(137, '67502', 71, '2025-07-01 17:49:29'),
(138, '67544', 72, '2025-07-01 17:49:29'),
(139, '66067', 73, '2025-07-01 17:49:29'),
(140, '67749', 74, '2025-07-01 17:49:29'),
(141, '67861', 75, '2025-07-01 17:49:29'),
(142, '66002', 76, '2025-07-01 17:49:29'),
(143, '66701', 77, '2025-07-01 17:49:29'),
(164, '66064', 100, '2025-07-01 17:54:00'),
(165, '66534', 101, '2025-07-01 17:54:00'),
(166, '66441', 102, '2025-07-01 17:54:00'),
(167, '66762', 103, '2025-07-01 17:54:00'),
(168, '67357', 104, '2025-07-01 17:54:00'),
(169, '66603', 105, '2025-07-01 17:54:00'),
(170, '64067', 106, '2025-07-01 17:57:10'),
(171, '65536', 107, '2025-07-01 17:57:10'),
(172, '63379', 108, '2025-07-01 17:57:10'),
(173, '63011', 109, '2025-07-01 17:57:10'),
(174, '65065', 110, '2025-07-01 17:57:10'),
(175, '63650', 111, '2025-07-01 17:57:10'),
(176, '63080', 112, '2025-07-01 17:57:10'),
(177, '65590', 113, '2025-07-01 17:57:10'),
(178, '65625', 114, '2025-07-01 17:57:10'),
(179, '63622', 115, '2025-07-01 17:57:10'),
(180, '65466', 116, '2025-07-01 18:00:53'),
(181, '65279', 117, '2025-07-01 18:00:53'),
(182, '65560', 118, '2025-07-01 18:00:53'),
(183, '65747', 119, '2025-07-01 18:00:53'),
(184, '63956', 120, '2025-07-01 18:00:53'),
(185, '63628', 121, '2025-07-01 18:00:53'),
(186, '65616', 122, '2025-07-01 18:00:53'),
(187, '63755', 123, '2025-07-01 18:00:53'),
(188, '63664', 124, '2025-07-01 18:00:53'),
(190, '64437', 126, '2025-07-01 18:03:53'),
(191, '63021', 127, '2025-07-01 18:03:53'),
(192, '63654', 128, '2025-07-01 18:03:53'),
(193, '63655', 129, '2025-07-01 18:03:53'),
(194, '63967', 130, '2025-07-01 18:03:53'),
(195, '63653', 131, '2025-07-01 18:03:53'),
(196, '64759', 132, '2025-07-01 18:03:53'),
(197, '65785', 133, '2025-07-01 18:03:53'),
(198, '63448', 134, '2025-07-01 18:03:53'),
(200, '65340', 136, '2025-07-01 18:33:30'),
(201, '65320', 137, '2025-07-01 18:33:30'),
(202, '63430', 138, '2025-07-01 18:33:30'),
(203, '64080', 139, '2025-07-01 18:33:30'),
(204, '63736', 123, '2025-07-01 18:33:30'),
(205, '65248', 140, '2025-07-01 18:33:30'),
(206, '65301', 141, '2025-07-01 18:33:30'),
(207, '64772', 142, '2025-07-01 18:33:30'),
(208, '64037', 143, '2025-07-01 18:33:30'),
(209, '65601', 144, '2025-07-01 18:33:30'),
(210, '65041', 145, '2025-07-01 18:33:30'),
(211, '63025', 146, '2025-07-01 18:33:30'),
(212, '63780', 147, '2025-07-01 18:33:30'),
(213, '63303', 148, '2025-07-01 18:33:30'),
(214, '63670', 129, '2025-07-01 18:33:30'),
(215, '65761', 149, '2025-07-01 18:33:30'),
(216, '63869', 150, '2025-07-01 18:33:30'),
(217, '65101', 151, '2025-07-01 18:33:30'),
(218, '64755', 152, '2025-07-01 18:33:30'),
(219, '65355', 153, '2025-07-01 18:33:30'),
(220, '65672', 154, '2025-07-01 18:33:30'),
(221, '63845', 155, '2025-07-01 18:33:30'),
(222, '65018', 156, '2025-07-01 18:33:30'),
(223, '65604', 157, '2025-07-01 18:33:30'),
(224, '65360', 158, '2025-07-01 18:33:30'),
(225, '63662', 159, '2025-07-01 18:33:30'),
(226, '63334', 160, '2025-07-01 18:33:30'),
(227, '63401', 161, '2025-07-01 18:33:30'),
(229, '82190', 166, '2025-07-01 18:39:31'),
(230, '95389', 167, '2025-07-01 18:39:31'),
(231, '86023', 168, '2025-07-01 18:39:31'),
(232, '37738', 169, '2025-07-01 18:39:31'),
(233, '84767', 170, '2025-07-01 18:39:31'),
(234, '17325', 171, '2025-07-01 18:39:31'),
(235, '33030', 172, '2025-07-01 18:39:31'),
(236, '10004', 173, '2025-07-01 18:39:31'),
(237, '19106', 174, '2025-07-01 18:39:31'),
(238, '63102', 175, '2025-07-01 18:39:31'),
(239, '20001', 176, '2025-07-01 18:45:27'),
(240, '68102', 177, '2025-07-01 18:45:27'),
(241, '74103', 178, '2025-07-01 18:45:27'),
(242, '35203', 179, '2025-07-01 18:45:27'),
(243, '99501', 180, '2025-07-01 18:45:27');

--
-- Indexes for dumped tables
--

--
-- Indexes for table `admin_users`
--
ALTER TABLE `admin_users`
  ADD PRIMARY KEY (`id`),
  ADD UNIQUE KEY `username` (`username`);

--
-- Indexes for table `amenities`
--
ALTER TABLE `amenities`
  ADD PRIMARY KEY (`amenity_id`),
  ADD KEY `idx_amenities_park_id` (`park_id`),
  ADD KEY `idx_amenities_category_id` (`category_id`);

--
-- Indexes for table `amenity_attributes`
--
ALTER TABLE `amenity_attributes`
  ADD PRIMARY KEY (`attribute_id`),
  ADD UNIQUE KEY `unique_amenity_attribute` (`amenity_id`,`attribute_type_id`),
  ADD KEY `idx_amenity_attributes_amenity_id` (`amenity_id`),
  ADD KEY `idx_amenity_attributes_attribute_type_id` (`attribute_type_id`);

--
-- Indexes for table `amenity_categories`
--
ALTER TABLE `amenity_categories`
  ADD PRIMARY KEY (`category_id`),
  ADD UNIQUE KEY `name` (`name`);

--
-- Indexes for table `attributes`
--
ALTER TABLE `attributes`
  ADD PRIMARY KEY (`id`),
  ADD UNIQUE KEY `name` (`name`);

--
-- Indexes for table `attribute_types`
--
ALTER TABLE `attribute_types`
  ADD PRIMARY KEY (`attribute_type_id`),
  ADD UNIQUE KEY `name` (`name`);

--
-- Indexes for table `categories`
--
ALTER TABLE `categories`
  ADD PRIMARY KEY (`id`),
  ADD UNIQUE KEY `name` (`name`);

--
-- Indexes for table `cities`
--
ALTER TABLE `cities`
  ADD PRIMARY KEY (`city_id`),
  ADD UNIQUE KEY `unique_city_state` (`name`,`state_id`),
  ADD KEY `idx_cities_state_id` (`state_id`);

--
-- Indexes for table `contacts`
--
ALTER TABLE `contacts`
  ADD PRIMARY KEY (`id`);

--
-- Indexes for table `parks`
--
ALTER TABLE `parks`
  ADD PRIMARY KEY (`park_id`),
  ADD KEY `idx_parks_zip_code_id` (`zip_code_id`);

--
-- Indexes for table `scraping_logs`
--
ALTER TABLE `scraping_logs`
  ADD PRIMARY KEY (`id`),
  ADD KEY `website_id` (`website_id`);

--
-- Indexes for table `states`
--
ALTER TABLE `states`
  ADD PRIMARY KEY (`state_id`),
  ADD UNIQUE KEY `name` (`name`),
  ADD UNIQUE KEY `code` (`code`);

--
-- Indexes for table `websites`
--
ALTER TABLE `websites`
  ADD PRIMARY KEY (`website_id`),
  ADD UNIQUE KEY `url` (`url`),
  ADD KEY `idx_websites_state_id` (`state_id`);

--
-- Indexes for table `zip_codes`
--
ALTER TABLE `zip_codes`
  ADD PRIMARY KEY (`zip_code_id`),
  ADD UNIQUE KEY `unique_zip_city` (`code`,`city_id`),
  ADD KEY `idx_zip_codes_city_id` (`city_id`);

--
-- AUTO_INCREMENT for dumped tables
--

--
-- AUTO_INCREMENT for table `admin_users`
--
ALTER TABLE `admin_users`
  MODIFY `id` int NOT NULL AUTO_INCREMENT, AUTO_INCREMENT=2;

--
-- AUTO_INCREMENT for table `amenities`
--
ALTER TABLE `amenities`
  MODIFY `amenity_id` int NOT NULL AUTO_INCREMENT, AUTO_INCREMENT=472;

--
-- AUTO_INCREMENT for table `amenity_attributes`
--
ALTER TABLE `amenity_attributes`
  MODIFY `attribute_id` int NOT NULL AUTO_INCREMENT, AUTO_INCREMENT=420;

--
-- AUTO_INCREMENT for table `amenity_categories`
--
ALTER TABLE `amenity_categories`
  MODIFY `category_id` int NOT NULL AUTO_INCREMENT, AUTO_INCREMENT=59;

--
-- AUTO_INCREMENT for table `attributes`
--
ALTER TABLE `attributes`
  MODIFY `id` int NOT NULL AUTO_INCREMENT, AUTO_INCREMENT=7;

--
-- AUTO_INCREMENT for table `attribute_types`
--
ALTER TABLE `attribute_types`
  MODIFY `attribute_type_id` int NOT NULL AUTO_INCREMENT, AUTO_INCREMENT=7;

--
-- AUTO_INCREMENT for table `categories`
--
ALTER TABLE `categories`
  MODIFY `id` int NOT NULL AUTO_INCREMENT, AUTO_INCREMENT=7;

--
-- AUTO_INCREMENT for table `cities`
--
ALTER TABLE `cities`
  MODIFY `city_id` int NOT NULL AUTO_INCREMENT, AUTO_INCREMENT=181;

--
-- AUTO_INCREMENT for table `contacts`
--
ALTER TABLE `contacts`
  MODIFY `id` int NOT NULL AUTO_INCREMENT;

--
-- AUTO_INCREMENT for table `parks`
--
ALTER TABLE `parks`
  MODIFY `park_id` int NOT NULL AUTO_INCREMENT, AUTO_INCREMENT=329;

--
-- AUTO_INCREMENT for table `scraping_logs`
--
ALTER TABLE `scraping_logs`
  MODIFY `id` int NOT NULL AUTO_INCREMENT;

--
-- AUTO_INCREMENT for table `states`
--
ALTER TABLE `states`
  MODIFY `state_id` int NOT NULL AUTO_INCREMENT, AUTO_INCREMENT=85;

--
-- AUTO_INCREMENT for table `websites`
--
ALTER TABLE `websites`
  MODIFY `website_id` int NOT NULL AUTO_INCREMENT, AUTO_INCREMENT=54;

--
-- AUTO_INCREMENT for table `zip_codes`
--
ALTER TABLE `zip_codes`
  MODIFY `zip_code_id` int NOT NULL AUTO_INCREMENT, AUTO_INCREMENT=244;

--
-- Constraints for dumped tables
--

--
-- Constraints for table `amenities`
--
ALTER TABLE `amenities`
  ADD CONSTRAINT `amenities_ibfk_1` FOREIGN KEY (`park_id`) REFERENCES `parks` (`park_id`) ON DELETE CASCADE,
  ADD CONSTRAINT `amenities_ibfk_2` FOREIGN KEY (`category_id`) REFERENCES `amenity_categories` (`category_id`) ON DELETE RESTRICT;

--
-- Constraints for table `amenity_attributes`
--
ALTER TABLE `amenity_attributes`
  ADD CONSTRAINT `amenity_attributes_ibfk_1` FOREIGN KEY (`amenity_id`) REFERENCES `amenities` (`amenity_id`) ON DELETE CASCADE,
  ADD CONSTRAINT `amenity_attributes_ibfk_2` FOREIGN KEY (`attribute_type_id`) REFERENCES `attribute_types` (`attribute_type_id`) ON DELETE RESTRICT;

--
-- Constraints for table `cities`
--
ALTER TABLE `cities`
  ADD CONSTRAINT `cities_ibfk_1` FOREIGN KEY (`state_id`) REFERENCES `states` (`state_id`) ON DELETE RESTRICT;

--
-- Constraints for table `parks`
--
ALTER TABLE `parks`
  ADD CONSTRAINT `parks_ibfk_1` FOREIGN KEY (`zip_code_id`) REFERENCES `zip_codes` (`zip_code_id`) ON DELETE SET NULL;

--
-- Constraints for table `scraping_logs`
--
ALTER TABLE `scraping_logs`
  ADD CONSTRAINT `scraping_logs_ibfk_1` FOREIGN KEY (`website_id`) REFERENCES `websites` (`website_id`) ON DELETE CASCADE;

--
-- Constraints for table `websites`
--
ALTER TABLE `websites`
  ADD CONSTRAINT `websites_ibfk_1` FOREIGN KEY (`state_id`) REFERENCES `states` (`state_id`) ON DELETE SET NULL;

--
-- Constraints for table `zip_codes`
--
ALTER TABLE `zip_codes`
  ADD CONSTRAINT `zip_codes_ibfk_1` FOREIGN KEY (`city_id`) REFERENCES `cities` (`city_id`) ON DELETE RESTRICT;
COMMIT;

/*!40101 SET CHARACTER_SET_CLIENT=@OLD_CHARACTER_SET_CLIENT */;
/*!40101 SET CHARACTER_SET_RESULTS=@OLD_CHARACTER_SET_RESULTS */;
/*!40101 SET COLLATION_CONNECTION=@OLD_COLLATION_CONNECTION */;
